date,energy_kwh,day_of_week,is_weekend,month,is_holiday,temp_mean,temp_max,temp_min,precipitation
2018-08-22,29.816,2,0,8,0,17.3,23.4,12.1,0.9
2018-08-23,9.474,3,0,8,0,21.7,29.0,15.1,0.4
2018-08-24,29.668000000000003,4,0,8,0,21.1,28.8,11.9,0.0
2018-08-25,0.0,5,1,8,0,21.4,29.4,12.9,0.8
2018-08-26,47.488,6,1,8,0,23.6,30.1,16.2,0.0
2018-08-27,44.544,0,0,8,0,23.8,31.5,15.9,0.0
2018-08-28,2.972,1,0,8,0,16.8,22.1,11.6,0.0
2018-08-29,13.669999999999998,2,0,8,0,19.3,28.7,10.9,0.0
2018-08-30,7.062,3,0,8,0,21.8,31.0,11.9,0.0
2018-08-31,25.048000000000002,4,0,8,0,22.1,29.9,15.7,0.0
2018-09-01,0.0,5,1,9,0,20.1,27.2,13.9,0.0
2018-09-02,0.0,6,1,9,0,19.0,25.1,11.9,0.1
2018-09-03,45.726,0,0,9,1,19.8,25.8,13.9,0.0
2018-09-04,2.046,1,0,9,0,19.5,25.4,11.9,0.6
2018-09-05,8.776,2,0,9,0,15.7,22.0,12.6,5.2
2018-09-06,6.188,3,0,9,0,15.7,20.0,11.8,1.5
2018-09-07,32.32,4,0,9,0,16.5,22.4,12.1,0.0
2018-09-08,0.0,5,1,9,0,17.5,26.1,11.1,0.3
2018-09-09,17.638,6,1,9,0,20.4,27.8,14.0,0.0
2018-09-10,24.736,0,0,9,0,20.1,29.0,11.8,0.0
2018-09-11,53.63,1,0,9,0,22.5,31.0,13.6,0.0
2018-09-12,16.104,2,0,9,0,23.4,31.8,13.6,0.0
2018-09-13,7.696,3,0,9,0,23.4,32.1,14.9,0.0
2018-09-14,0.0,4,0,9,0,24.0,31.5,14.4,0.0
2018-09-15,0.0,5,1,9,0,22.4,31.6,13.4,0.0
2018-09-16,12.102,6,1,9,0,23.8,31.2,15.5,0.0
2018-09-17,6.468,0,0,9,0,23.6,31.1,16.6,0.0
2018-09-18,25.144,1,0,9,0,21.9,29.4,14.7,0.0
2018-09-19,4.182,2,0,9,0,21.6,29.3,13.6,1.0
2018-09-20,55.576,3,0,9,0,18.9,26.3,13.6,2.1
2018-09-21,20.466,4,0,9,0,15.1,22.7,9.6,0.0
2018-09-22,11.882000000000001,5,1,9,0,18.8,28.5,8.2,0.0
2018-09-23,27.746,6,1,9,0,21.2,28.8,12.9,0.0
2018-09-24,18.286,0,0,9,0,18.4,26.0,11.9,0.8
2018-09-25,3.596,1,0,9,0,11.3,16.6,4.8,0.0
2018-09-26,54.438,2,0,9,0,12.0,19.7,6.5,0.0
2018-09-27,16.55,3,0,9,0,16.2,26.0,8.1,0.0
2018-09-28,19.03,4,0,9,0,7.3,12.3,3.2,0.1
2018-09-29,0.0,5,1,9,0,16.5,30.0,3.6,0.0
2018-09-30,45.254,6,1,9,0,8.7,14.6,4.5,0.2
2018-10-01,10.771999999999998,0,0,10,0,10.9,18.7,4.8,0.1
2018-10-02,24.666,1,0,10,0,17.3,25.0,10.2,0.0
2018-10-03,23.964,2,0,10,0,19.0,26.8,11.8,0.1
2018-10-04,25.724,3,0,10,0,10.9,17.9,7.2,0.5
2018-10-05,12.56,4,0,10,0,11.6,21.6,5.3,3.2
2018-10-06,5.71,5,1,10,0,7.3,12.1,3.5,2.8
2018-10-07,33.682,6,1,10,0,6.5,12.8,3.3,3.1
2018-10-08,32.764,0,0,10,1,2.8,4.6,1.6,5.6
2018-10-09,21.740000000000002,1,0,10,0,1.8,3.7,0.8,1.8
2018-10-10,51.844,2,0,10,0,-0.6,0.7,-2.3,2.8
2018-10-11,7.028,3,0,10,0,0.5,4.3,-2.2,0.4
2018-10-12,21.632,4,0,10,0,6.5,15.8,1.0,0.6
2018-10-13,6.49,5,1,10,0,8.2,15.6,0.5,2.7
2018-10-14,66.282,6,1,10,0,-6.5,-0.6,-12.1,7.4
2018-10-15,42.66,0,0,10,0,-7.1,3.8,-17.0,0.0
2018-10-16,3.7,1,0,10,0,0.5,9.8,-8.0,0.0
2018-10-17,29.244,2,0,10,0,3.6,12.4,-3.4,0.0
2018-10-18,4.532,3,0,10,0,6.4,14.7,-0.7,0.0
2018-10-19,16.578,4,0,10,0,10.8,16.8,4.7,0.0
2018-10-20,6.132,5,1,10,0,8.9,17.7,2.2,0.0
2018-10-21,40.798,6,1,10,0,11.9,20.9,4.1,0.0
2018-10-22,12.988,0,0,10,0,11.5,18.8,4.8,0.0
2018-10-23,39.388,1,0,10,0,10.5,16.2,5.9,0.1
2018-10-24,26.583999999999996,2,0,10,0,10.8,15.1,7.4,1.2
2018-10-25,49.226,3,0,10,0,11.3,17.5,5.6,0.0
2018-10-26,62.372,4,0,10,0,11.9,18.8,6.5,0.0
2018-10-27,15.378,5,1,10,0,14.4,22.1,7.3,0.0
2018-10-28,21.392,6,1,10,0,11.8,22.0,2.6,0.0
2018-10-29,61.942,0,0,10,0,14.0,24.1,6.5,0.0
2018-10-30,21.732,1,0,10,0,3.0,7.1,0.3,7.1
2018-10-31,68.934,2,0,10,0,2.5,7.4,-2.1,0.2
2018-11-01,75.5,3,0,11,0,5.2,10.2,-0.4,0.2
2018-11-02,45.464,4,0,11,0,7.2,12.8,1.8,0.7
2018-11-03,27.35,5,1,11,0,5.4,9.2,0.9,8.4
2018-11-04,51.258,6,1,11,0,3.6,9.7,-1.9,0.5
2018-11-05,43.064,0,0,11,0,5.0,9.6,0.5,0.2
2018-11-06,24.124000000000002,1,0,11,0,4.3,8.9,-1.3,0.0
2018-11-07,53.646,2,0,11,0,-1.4,3.2,-3.9,0.5
2018-11-08,32.764,3,0,11,0,-1.5,3.8,-4.8,3.0
2018-11-09,76.536,4,0,11,0,-1.1,6.1,-6.2,0.0
2018-11-10,0.0,5,1,11,0,3.7,11.4,-2.2,0.0
2018-11-11,39.275999999999996,6,1,11,1,-3.9,-0.8,-6.3,9.4
2018-11-12,11.95,0,0,11,0,-8.2,-5.4,-15.0,1.2
2018-11-13,69.544,1,0,11,0,-3.0,5.8,-13.3,0.0
2018-11-14,24.364,2,0,11,0,2.5,11.8,-3.0,0.0
2018-11-15,39.298,3,0,11,0,3.6,6.9,-2.8,0.0
2018-11-16,42.778000000000006,4,0,11,0,4.1,11.7,-5.3,0.0
2018-11-17,22.762,5,1,11,0,-4.0,-0.6,-10.9,7.3
2018-11-18,61.102000000000004,6,1,11,0,-4.6,3.5,-12.2,0.0
2018-11-19,40.16,0,0,11,0,-2.5,3.1,-10.1,0.0
2018-11-20,23.784,1,0,11,0,-2.6,5.9,-9.8,0.0
2018-11-21,0.0,2,0,11,0,0.1,10.0,-5.8,0.0
2018-11-22,0.0,3,0,11,1,1.9,10.4,-5.9,0.0
2018-11-23,7.824,4,0,11,0,2.1,5.4,-3.0,0.7
2018-11-24,54.552,5,1,11,0,1.6,8.4,-3.9,3.3
2018-11-25,56.958,6,1,11,0,-3.0,1.6,-9.9,0.0
2018-11-26,36.938,0,0,11,0,-0.3,5.8,-4.6,0.0
2018-11-27,77.606,1,0,11,0,4.0,7.6,-2.2,0.0
2018-11-28,42.306,2,0,11,0,6.4,12.1,0.5,0.1
2018-11-29,57.456,3,0,11,0,1.3,4.7,-0.9,0.3
2018-11-30,80.062,4,0,11,0,-0.9,1.6,-2.3,1.6
2018-12-01,15.712,5,1,12,0,0.6,4.9,-2.3,0.0
2018-12-02,52.748000000000005,6,1,12,0,-3.2,0.6,-9.1,0.2
2018-12-03,36.65,0,0,12,0,-4.5,-1.7,-8.1,1.3
2018-12-04,69.814,1,0,12,0,-4.6,-0.3,-8.9,0.2
2018-12-05,79.398,2,0,12,0,-2.9,4.6,-11.7,0.2
2018-12-06,51.444,3,0,12,0,-10.4,-7.0,-15.1,0.4
2018-12-07,83.236,4,0,12,0,-4.0,0.9,-9.9,0.0
2018-12-08,14.14,5,1,12,0,-2.3,6.4,-10.6,0.0
2018-12-09,83.23400000000001,6,1,12,0,-0.6,5.7,-4.6,0.0
2018-12-10,36.769999999999996,0,0,12,0,1.8,9.4,-4.6,0.0
2018-12-11,47.972,1,0,12,0,2.8,9.1,-1.7,0.0
2018-12-12,107.832,2,0,12,0,3.4,10.1,-1.5,0.0
2018-12-13,63.752,3,0,12,0,-0.6,5.2,-4.7,0.0
2018-12-14,55.28,4,0,12,0,-0.1,5.8,-4.0,0.0
2018-12-15,55.92,5,1,12,0,5.0,10.4,-1.6,0.0
2018-12-16,22.204,6,1,12,0,1.3,8.1,-2.9,0.0
2018-12-17,101.862,0,0,12,0,3.6,11.8,-3.3,0.0
2018-12-18,62.620000000000005,1,0,12,0,5.0,10.1,0.2,0.0
2018-12-19,67.72,2,0,12,0,4.5,6.6,-0.3,0.0
2018-12-20,95.744,3,0,12,0,1.4,7.9,-2.1,0.0
2018-12-21,32.368,4,0,12,0,6.1,12.9,-2.6,0.0
2018-12-22,4.002,5,1,12,0,-0.3,3.5,-4.9,0.2
2018-12-23,50.448,6,1,12,0,-1.1,7.2,-6.8,0.0
2018-12-24,93.148,0,0,12,0,0.9,7.2,-3.2,0.0
2018-12-25,26.484,1,0,12,1,-0.2,2.7,-3.8,0.0
2018-12-26,24.588,2,0,12,0,-1.3,2.2,-4.8,0.6
2018-12-27,31.524,3,0,12,0,-4.9,-2.2,-6.9,0.3
2018-12-28,116.844,4,0,12,0,-7.8,-6.4,-9.0,0.3
2018-12-29,17.904,5,1,12,0,-5.4,2.3,-12.4,0.0
2018-12-30,29.308,6,1,12,0,2.4,7.8,-1.4,0.0
2018-12-31,58.474000000000004,0,0,12,0,-7.9,0.9,-13.4,3.0
2019-01-01,0.0,1,0,1,1,-14.9,-11.8,-17.8,0.2
2019-01-02,103.44800000000001,2,0,1,0,-6.1,5.0,-13.4,0.0
2019-01-03,43.96,3,0,1,0,1.3,10.8,-6.2,0.0
2019-01-04,45.897999999999996,4,0,1,0,5.3,13.1,0.1,0.0
2019-01-05,2.032,5,1,1,0,5.3,11.7,0.8,0.0
2019-01-06,50.106,6,1,1,0,5.7,12.8,-1.5,0.1
2019-01-07,59.71,0,0,1,0,3.4,7.6,-1.8,0.8
2019-01-08,46.641999999999996,1,0,1,0,0.8,7.4,-3.2,0.0
2019-01-09,74.854,2,0,1,0,2.0,6.6,-2.9,0.0
2019-01-10,113.006,3,0,1,0,5.8,9.3,0.9,0.0
2019-01-11,45.47,4,0,1,0,1.1,7.0,-0.8,13.3
2019-01-12,57.39,5,1,1,0,-1.4,1.8,-8.6,2.8
2019-01-13,89.602,6,1,1,0,-6.8,1.3,-11.4,0.0
2019-01-14,109.904,0,0,1,0,-6.5,4.9,-12.1,0.0
2019-01-15,142.532,1,0,1,0,-2.6,4.9,-11.1,0.0
2019-01-16,126.632,2,0,1,0,1.2,5.1,-4.8,0.0
2019-01-17,81.73,3,0,1,0,1.6,7.8,-2.7,0.3
2019-01-18,18.13,4,0,1,0,-0.7,3.5,-4.4,2.9
2019-01-19,1.202,5,1,1,0,0.2,4.9,-3.4,0.2
2019-01-20,79.44600000000001,6,1,1,0,2.3,7.8,-2.5,0.2
2019-01-21,91.918,0,0,1,1,1.9,7.0,-2.4,1.0
2019-01-22,48.924,1,0,1,0,-4.8,-2.2,-10.0,2.5
2019-01-23,66.39999999999999,2,0,1,0,-2.9,2.0,-9.8,0.0
2019-01-24,94.24,3,0,1,0,-6.4,-2.4,-9.0,4.3
2019-01-25,77.0,4,0,1,0,-4.0,0.6,-9.2,0.1
2019-01-26,64.434,5,1,1,0,-0.1,3.0,-4.4,0.0
2019-01-27,84.792,6,1,1,0,3.0,5.7,-1.6,0.0
2019-01-28,97.242,0,0,1,0,-4.9,4.8,-9.6,9.3
2019-01-29,74.30199999999999,1,0,1,0,-9.5,-5.2,-16.5,0.0
2019-01-30,95.882,2,0,1,0,-4.6,0.6,-16.2,0.0
2019-01-31,83.222,3,0,1,0,-0.5,4.3,-7.1,0.0
2019-02-01,143.284,4,0,2,0,-0.8,7.8,-7.2,0.0
2019-02-02,42.355999999999995,5,1,2,0,3.2,7.8,-3.7,0.0
2019-02-03,56.709999999999994,6,1,2,0,2.6,7.6,-0.8,0.0
2019-02-04,98.476,0,0,2,0,1.4,7.1,-3.5,0.0
2019-02-05,61.486,1,0,2,0,-2.7,6.3,-7.8,0.2
2019-02-06,100.798,2,0,2,0,-9.7,-1.2,-17.1,6.8
2019-02-07,104.208,3,0,2,0,-16.2,-9.2,-22.9,0.6
2019-02-08,115.992,4,0,2,0,-10.7,-3.0,-19.5,0.0
2019-02-09,65.598,5,1,2,0,-8.9,-1.9,-16.6,0.0
2019-02-10,73.486,6,1,2,0,-6.4,-0.7,-11.1,0.0
2019-02-11,128.36599999999999,0,0,2,0,-6.9,1.8,-15.8,0.0
2019-02-12,63.553999999999995,1,0,2,0,-4.4,3.5,-13.5,0.0
2019-02-13,77.024,2,0,2,0,1.9,7.3,-7.9,1.6
2019-02-14,95.124,3,0,2,0,4.5,11.8,-4.6,2.4
2019-02-15,58.152,4,0,2,0,-0.8,10.6,-10.1,1.8
2019-02-16,33.924,5,1,2,0,-2.5,4.2,-8.4,0.0
2019-02-17,47.622,6,1,2,0,-4.0,0.8,-8.1,0.4
2019-02-18,60.358,0,0,2,1,-11.4,-8.0,-14.3,1.9
2019-02-19,112.886,1,0,2,0,-11.8,-7.3,-18.1,1.3
2019-02-20,77.472,2,0,2,0,-10.7,-1.6,-19.2,0.0
2019-02-21,117.00399999999999,3,0,2,0,-7.3,-2.8,-16.5,0.0
2019-02-22,46.84,4,0,2,0,-7.0,-2.2,-10.9,2.0
2019-02-23,6.172,5,1,2,0,-3.2,1.0,-6.6,1.2
2019-02-24,51.972,6,1,2,0,-3.5,1.5,-12.5,0.0
2019-02-25,88.722,0,0,2,0,-2.7,6.2,-12.3,0.0
2019-02-26,76.248,1,0,2,0,-2.8,6.7,-11.5,0.0
2019-02-27,105.938,2,0,2,0,-7.6,-0.8,-13.8,0.0
2019-02-28,35.022,3,0,2,0,1.4,10.3,-9.5,0.0
2019-03-01,60.184,4,0,3,0,4.0,10.5,-2.3,0.6
2019-03-02,56.062000000000005,5,1,3,0,-6.9,-3.3,-16.5,9.7
2019-03-03,107.658,6,1,3,0,-19.4,-16.8,-22.7,7.4
2019-03-04,35.352,0,0,3,0,-18.8,-13.6,-24.2,0.0
2019-03-05,30.926,1,0,3,0,-12.2,-7.2,-15.7,0.1
2019-03-06,33.653999999999996,2,0,3,0,-5.6,-1.2,-12.1,1.2
2019-03-07,93.952,3,0,3,0,-0.5,6.6,-7.9,0.9
2019-03-08,40.25,4,0,3,0,-1.1,5.3,-6.7,2.4
2019-03-09,36.025999999999996,5,1,3,0,-0.4,3.2,-6.7,0.1
2019-03-10,101.224,6,1,3,0,-3.9,0.9,-7.7,0.0
2019-03-11,31.284,0,0,3,0,-0.8,3.0,-7.2,0.6
2019-03-12,77.282,1,0,3,0,1.8,7.8,-4.7,0.6
2019-03-13,9.49,2,0,3,0,0.7,4.9,-2.3,31.4
2019-03-14,69.11000000000001,3,0,3,0,-4.2,-1.5,-10.9,0.0
2019-03-15,39.068,4,0,3,0,-7.9,-1.1,-15.1,0.0
2019-03-16,29.78,5,1,3,0,-5.4,1.9,-11.1,0.0
2019-03-17,97.88799999999999,6,1,3,0,-3.1,3.2,-10.9,0.0
2019-03-18,98.47200000000001,0,0,3,0,-2.4,5.0,-8.5,0.0
2019-03-19,67.262,1,0,3,0,-1.5,3.8,-6.8,0.0
2019-03-20,48.47,2,0,3,0,-2.5,9.2,-12.3,0.0
2019-03-21,35.302,3,0,3,0,-0.1,6.1,-5.8,0.4
2019-03-22,68.652,4,0,3,0,3.5,9.6,-2.2,1.4
2019-03-23,39.634,5,1,3,0,2.6,8.7,-2.0,0.4
2019-03-24,85.27,6,1,3,0,3.8,11.1,-2.3,0.3
2019-03-25,136.05599999999998,0,0,3,0,3.5,11.1,-2.3,0.0
2019-03-26,98.71600000000001,1,0,3,0,5.5,16.8,-3.3,0.0
2019-03-27,53.56,2,0,3,0,9.3,19.0,0.4,0.0
2019-03-28,5.254,3,0,3,0,7.2,16.0,0.4,0.4
2019-03-29,58.828,4,0,3,0,2.0,5.6,-0.5,15.5
2019-03-30,58.452,5,1,3,0,-1.5,1.5,-6.9,2.6
2019-03-31,66.856,6,1,3,0,-2.5,5.7,-10.4,0.0
2019-04-01,94.61,0,0,4,0,2.7,11.1,-7.2,0.0
2019-04-02,81.762,1,0,4,0,3.6,7.8,-2.9,0.0
2019-04-03,83.028,2,0,4,0,5.9,12.9,-0.6,0.3
2019-04-04,109.6,3,0,4,0,7.0,16.0,-1.1,0.0
2019-04-05,89.95,4,0,4,0,9.4,18.0,1.2,0.3
2019-04-06,68.628,5,1,4,0,10.3,17.8,2.5,0.0
2019-04-07,61.582,6,1,4,0,11.4,19.3,2.8,0.0
2019-04-08,121.446,0,0,4,0,13.8,21.5,6.1,0.0
2019-04-09,105.998,1,0,4,0,13.7,22.1,6.6,0.0
2019-04-10,40.217999999999996,2,0,4,0,2.2,11.6,-5.7,15.4
2019-04-11,74.748,3,0,4,0,-3.6,2.2,-8.8,1.6
2019-04-12,54.190000000000005,4,0,4,0,-3.9,1.0,-8.9,0.5
2019-04-13,113.446,5,1,4,0,-1.7,3.0,-7.3,0.7
2019-04-14,126.558,6,1,4,0,3.7,14.1,-8.9,0.0
2019-04-15,73.42,0,0,4,0,10.8,19.2,0.7,0.0
2019-04-16,82.304,1,0,4,0,9.2,17.1,2.7,0.0
2019-04-17,122.86200000000001,2,0,4,0,8.8,14.4,4.6,0.4
2019-04-18,66.80799999999999,3,0,4,0,7.7,13.9,3.5,1.0
2019-04-19,56.25,4,0,4,0,11.7,20.4,1.5,0.0
2019-04-20,73.68,5,1,4,0,14.3,23.4,4.4,0.0
2019-04-21,44.606,6,1,4,0,12.7,17.9,7.9,2.4
2019-04-22,105.504,0,0,4,0,5.3,6.8,4.1,1.3
2019-04-23,78.674,1,0,4,0,9.0,17.0,2.9,0.0
2019-04-24,58.596,2,0,4,0,12.8,19.1,4.6,0.1
2019-04-25,94.736,3,0,4,0,10.1,16.3,4.9,0.2
2019-04-26,48.986,4,0,4,0,12.8,23.8,3.1,0.8
2019-04-27,91.178,5,1,4,0,10.8,17.2,4.3,2.5
2019-04-28,82.98400000000001,6,1,4,0,13.2,22.2,5.3,1.8
2019-04-29,38.403999999999996,0,0,4,0,0.2,4.6,-3.4,6.8
2019-04-30,132.952,1,0,4,0,-1.8,2.4,-4.7,2.3
2019-05-01,60.732,2,0,5,0,1.0,4.2,-1.9,4.0
2019-05-02,37.872,3,0,5,0,4.2,11.2,-3.4,0.0
2019-05-03,73.99600000000001,4,0,5,0,8.1,16.6,-1.5,0.0
2019-05-04,22.5,5,1,5,0,10.7,19.8,0.9,0.0
2019-05-05,94.258,6,1,5,0,13.6,21.5,5.1,0.0
2019-05-06,107.5,0,0,5,0,11.5,18.5,5.3,0.4
2019-05-07,95.734,1,0,5,0,9.2,13.2,5.9,3.6
2019-05-08,87.064,2,0,5,0,4.7,7.3,1.4,14.2
2019-05-09,107.64,3,0,5,0,1.0,3.3,-0.4,9.9
2019-05-10,106.392,4,0,5,0,2.8,8.4,-4.6,0.0
2019-05-11,95.25,5,1,5,0,7.6,15.6,-0.9,0.3
2019-05-12,94.27600000000001,6,1,5,0,11.8,20.0,0.5,0.0
2019-05-13,94.868,0,0,5,0,15.4,22.6,6.4,0.0
2019-05-14,130.934,1,0,5,0,16.7,25.1,5.7,0.0
2019-05-15,85.436,2,0,5,0,16.8,25.4,6.4,0.0
2019-05-16,96.60600000000001,3,0,5,0,17.1,25.6,8.2,0.1
2019-05-17,95.86399999999999,4,0,5,0,12.2,17.6,7.3,5.2
2019-05-18,68.15,5,1,5,0,8.9,13.9,3.7,1.2
2019-05-19,113.384,6,1,5,0,6.7,13.4,2.3,2.9
2019-05-20,113.24199999999999,0,0,5,0,2.2,4.2,0.1,16.6
2019-05-21,148.608,1,0,5,0,0.7,2.3,-0.7,5.3
2019-05-22,133.472,2,0,5,0,2.6,6.4,-1.3,1.5
2019-05-23,71.05000000000001,3,0,5,0,4.0,6.3,1.9,10.3
2019-05-24,74.936,4,0,5,0,10.4,17.9,-0.2,0.0
2019-05-25,68.178,5,1,5,0,12.6,22.2,2.0,0.0
2019-05-26,51.214000000000006,6,1,5,0,13.0,19.4,5.8,4.5
2019-05-27,83.80799999999999,0,0,5,1,11.0,17.1,5.3,7.9
2019-05-28,92.264,1,0,5,0,8.3,12.6,5.0,6.6
2019-05-29,90.596,2,0,5,0,8.8,14.2,3.0,0.8
2019-05-30,53.7,3,0,5,0,12.1,18.5,5.2,0.0
2019-05-31,0.0,4,0,5,0,13.6,20.9,6.0,0.4
2019-06-01,80.892,5,1,6,0,14.2,20.0,7.2,0.3
2019-06-02,101.464,6,1,6,0,15.9,23.4,8.9,1.1
2019-06-03,65.63,0,0,6,0,15.8,24.8,8.9,0.0
2019-06-04,72.648,1,0,6,0,17.6,25.2,10.4,0.0
2019-06-05,56.17,2,0,6,0,16.3,23.2,9.2,0.7
2019-06-06,110.392,3,0,6,0,17.7,25.4,8.6,0.0
2019-06-07,0.0,4,0,6,0,18.5,25.8,10.1,0.0
2019-06-08,82.744,5,1,6,0,18.7,25.0,12.1,2.5
2019-06-09,78.92399999999999,6,1,6,0,10.1,14.6,6.3,1.2
2019-06-10,106.62400000000001,0,0,6,0,14.4,23.1,5.8,0.0
2019-06-11,78.872,1,0,6,0,16.8,24.1,9.4,0.4
2019-06-12,105.422,2,0,6,0,16.1,21.5,11.4,0.0
2019-06-13,64.254,3,0,6,0,19.4,28.0,9.8,0.0
2019-06-14,118.24,4,0,6,0,20.7,27.3,15.2,0.3
2019-06-15,92.274,5,1,6,0,18.6,24.0,13.1,2.6
2019-06-16,95.608,6,1,6,0,17.0,22.8,11.0,0.4
2019-06-17,113.392,0,0,6,0,15.7,20.0,10.6,1.4
2019-06-18,64.602,1,0,6,0,14.6,17.5,11.2,1.4
2019-06-19,151.942,2,0,6,0,19.0,25.7,11.6,0.3
2019-06-20,213.654,3,0,6,0,18.4,25.4,11.1,0.3
2019-06-21,134.228,4,0,6,0,13.6,19.1,10.1,9.0
2019-06-22,82.322,5,1,6,0,11.2,16.2,7.9,16.5
2019-06-23,68.374,6,1,6,0,11.0,16.7,6.4,8.1
2019-06-24,96.568,0,0,6,0,16.5,24.8,6.6,0.0
2019-06-25,120.91,1,0,6,0,18.6,25.2,8.4,0.0
2019-06-26,102.978,2,0,6,0,19.9,28.1,9.8,0.0
2019-06-27,67.952,3,0,6,0,21.4,30.4,10.0,0.0
2019-06-28,91.274,4,0,6,0,21.9,31.1,11.6,0.0
2019-06-29,77.768,5,1,6,0,23.5,30.4,14.7,0.0
2019-06-30,73.478,6,1,6,0,22.5,29.9,15.8,6.9
2019-07-01,137.22799999999998,0,0,7,0,19.6,26.1,14.4,6.8
2019-07-02,69.484,1,0,7,0,20.7,28.0,12.9,0.2
2019-07-03,49.032,2,0,7,0,21.9,29.5,13.8,0.2
2019-07-04,65.62,3,0,7,1,19.1,26.0,12.9,0.4
2019-07-05,0.0,4,0,7,0,18.5,25.4,13.2,0.6
2019-07-06,51.13,5,1,7,0,19.2,25.7,14.5,3.3
2019-07-07,78.714,6,1,7,0,20.3,27.6,13.5,0.6
2019-07-08,134.714,0,0,7,0,21.0,27.8,14.1,0.5
2019-07-09,78.532,1,0,7,0,21.6,29.9,11.7,0.0
2019-07-10,85.18599999999999,2,0,7,0,19.9,27.0,11.6,0.0
2019-07-11,86.67399999999999,3,0,7,0,23.7,32.3,14.7,0.0
2019-07-12,147.752,4,0,7,0,24.8,32.6,17.0,0.0
2019-07-13,76.33,5,1,7,0,22.7,30.5,15.9,0.0
2019-07-14,110.06400000000001,6,1,7,0,24.5,29.9,18.4,0.4
2019-07-15,107.75800000000001,0,0,7,0,23.3,31.5,15.9,0.2
2019-07-16,83.422,1,0,7,0,22.3,30.3,14.1,0.0
2019-07-17,138.09,2,0,7,0,25.6,33.3,18.5,0.0
2019-07-18,84.702,3,0,7,0,26.4,35.0,17.4,0.0
2019-07-19,124.236,4,0,7,0,27.0,34.7,17.6,0.0
2019-07-20,39.164,5,1,7,0,23.0,28.3,17.6,14.7
2019-07-21,92.47399999999999,6,1,7,0,20.0,28.0,13.5,6.3
2019-07-22,147.70600000000002,0,0,7,0,20.8,27.2,16.5,0.8
2019-07-23,105.352,1,0,7,0,21.8,27.9,15.4,0.4
2019-07-24,94.278,2,0,7,0,23.3,31.9,15.6,0.1
2019-07-25,82.39399999999999,3,0,7,0,23.1,28.5,17.1,0.0
2019-07-26,41.477999999999994,4,0,7,0,24.1,31.4,15.8,0.0
2019-07-27,136.686,5,1,7,0,22.8,28.0,16.5,0.0
2019-07-28,93.756,6,1,7,0,23.5,28.9,16.9,0.0
2019-07-29,62.525999999999996,0,0,7,0,22.5,31.4,14.1,0.0
2019-07-30,136.03,1,0,7,0,23.4,31.9,15.1,0.2
2019-07-31,57.708,2,0,7,0,24.6,29.7,18.0,0.4
2019-08-01,107.142,3,0,8,0,21.1,26.5,16.9,4.8
2019-08-02,31.826000000000004,4,0,8,0,22.0,28.5,14.1,0.0
2019-08-03,2.092,5,1,8,0,23.9,31.9,15.6,0.0
2019-08-04,53.02,6,1,8,0,23.6,30.5,17.0,1.7
2019-08-05,83.146,0,0,8,0,23.2,30.5,18.1,1.8
2019-08-06,107.786,1,0,8,0,24.6,32.5,16.1,0.0
2019-08-07,47.006,2,0,8,0,23.4,29.9,18.4,0.0
2019-08-08,88.246,3,0,8,0,21.2,26.0,18.4,2.2
2019-08-09,106.988,4,0,8,0,22.5,29.4,15.9,0.0
2019-08-10,25.774,5,1,8,0,23.0,27.8,17.4,0.7
2019-08-11,38.472,6,1,8,0,21.3,26.2,17.4,0.0
2019-08-12,53.952,0,0,8,0,23.1,29.1,17.5,0.0
2019-08-13,46.416,1,0,8,0,20.9,27.2,13.9,0.3
2019-08-14,0.0,2,0,8,0,20.6,28.4,14.8,0.2
2019-08-15,43.232,3,0,8,0,23.7,32.0,13.1,0.0
2019-08-16,72.664,4,0,8,0,19.8,27.6,12.8,0.5
2019-08-17,23.674,5,1,8,0,23.2,31.1,16.1,0.4
2019-08-18,43.9,6,1,8,0,20.5,30.1,13.4,0.2
2019-08-19,81.78,0,0,8,0,23.9,32.8,14.8,0.0
2019-08-20,119.68599999999999,1,0,8,0,24.5,33.9,15.6,0.1
2019-08-21,42.512,2,0,8,0,19.7,25.3,14.2,0.6
2019-08-22,76.382,3,0,8,0,20.9,28.5,14.2,0.0
2019-08-23,77.34,4,0,8,0,22.1,28.4,15.6,0.5
2019-08-24,73.362,5,1,8,0,20.2,28.4,12.1,0.0
2019-08-25,57.83,6,1,8,0,24.8,34.7,14.7,0.0
2019-08-26,114.292,0,0,8,0,18.5,23.5,12.8,0.0
2019-08-27,96.298,1,0,8,0,17.4,22.8,12.4,0.0
2019-08-28,92.602,2,0,8,0,20.8,30.4,10.1,0.0
2019-08-29,72.69,3,0,8,0,24.3,31.0,18.8,0.0
2019-08-30,61.84,4,0,8,0,20.1,27.4,14.0,0.0
2019-08-31,44.178,5,1,8,0,21.1,30.0,13.6,0.0
2019-09-01,58.35,6,1,9,0,24.3,34.6,15.3,0.0
2019-09-02,83.12,0,0,9,1,25.9,34.9,16.6,0.0
2019-09-03,108.212,1,0,9,0,21.3,27.8,16.5,1.6
2019-09-04,97.896,2,0,9,0,22.5,32.0,14.6,0.0
2019-09-05,91.8,3,0,9,0,26.0,32.8,19.3,0.1
2019-09-06,71.358,4,0,9,0,21.0,27.0,15.7,1.0
2019-09-07,54.976,5,1,9,0,23.2,30.7,16.1,0.0
2019-09-08,39.099999999999994,6,1,9,0,16.8,23.8,11.4,1.1
2019-09-09,33.606,0,0,9,0,19.1,26.4,11.9,0.6
2019-09-10,97.77000000000001,1,0,9,0,19.0,26.0,13.9,6.1
2019-09-11,53.510000000000005,2,0,9,0,17.2,24.9,12.2,1.7
2019-09-12,62.046,3,0,9,0,16.4,23.9,10.4,0.0
2019-09-13,59.882,4,0,9,0,15.4,23.5,8.7,0.0
2019-09-14,97.814,5,1,9,0,19.8,30.3,10.6,0.0
2019-09-15,74.402,6,1,9,0,20.4,29.2,12.1,0.0
2019-09-16,108.114,0,0,9,0,21.9,29.2,15.2,0.0
2019-09-17,42.52,1,0,9,0,22.8,29.8,17.9,0.0
2019-09-18,58.314,2,0,9,0,18.2,24.4,11.5,0.1
2019-09-19,84.208,3,0,9,0,19.0,27.4,11.9,0.0
2019-09-20,46.57,4,0,9,0,19.6,28.8,11.6,0.0
2019-09-21,39.006,5,1,9,0,16.1,22.1,11.0,0.4
2019-09-22,56.182,6,1,9,0,14.1,22.2,4.9,0.0
2019-09-23,69.908,0,0,9,0,16.1,25.0,8.2,0.0
2019-09-24,23.264,1,0,9,0,19.9,28.0,12.2,0.0
2019-09-25,121.09,2,0,9,0,17.7,24.6,11.3,0.0
2019-09-26,107.626,3,0,9,0,17.0,29.5,5.7,0.0
2019-09-27,28.273999999999997,4,0,9,0,15.2,21.2,7.3,0.5
2019-09-28,34.282000000000004,5,1,9,0,13.9,20.8,8.8,0.3
2019-09-29,76.26,6,1,9,0,18.4,29.8,8.9,0.0
2019-09-30,62.94199999999999,0,0,9,0,14.7,20.4,9.8,0.1
2019-10-01,93.13,1,0,10,0,9.8,12.4,7.2,4.7
2019-10-02,91.986,2,0,10,0,9.4,17.8,4.8,1.6
2019-10-03,107.394,3,0,10,0,9.1,14.9,4.2,0.0
2019-10-04,100.034,4,0,10,0,12.8,20.5,7.2,0.0
2019-10-05,69.896,5,1,10,0,11.2,16.8,4.1,0.0
2019-10-06,71.93,6,1,10,0,8.3,14.2,3.5,0.0
2019-10-07,100.83999999999999,0,0,10,0,10.6,21.2,1.4,0.0
2019-10-08,86.456,1,0,10,0,15.4,24.5,6.8,0.0
2019-10-09,42.64,2,0,10,0,13.8,24.1,1.0,0.6
2019-10-10,58.106,3,0,10,0,-5.0,0.2,-8.1,7.5
2019-10-11,52.63,4,0,10,0,-5.0,3.9,-16.0,0.0
2019-10-12,80.982,5,1,10,0,2.5,11.1,-3.3,0.0
2019-10-13,69.354,6,1,10,0,4.1,16.2,-5.6,0.0
2019-10-14,10.091999999999999,0,0,10,1,7.4,18.4,-2.0,0.0
2019-10-15,57.653999999999996,1,0,10,0,5.1,9.8,-1.0,0.0
2019-10-16,77.87,2,0,10,0,11.8,23.8,2.5,0.0
2019-10-17,61.968,3,0,10,0,13.4,22.6,6.0,0.0
2019-10-18,53.866,4,0,10,0,10.4,16.4,2.8,0.1
2019-10-19,77.746,5,1,10,0,7.2,15.1,0.9,0.0
2019-10-20,92.166,6,1,10,0,4.7,7.9,1.2,2.1
2019-10-21,118.294,0,0,10,0,4.8,9.6,-0.9,0.0
2019-10-22,44.178000000000004,1,0,10,0,7.3,13.0,1.8,0.2
2019-10-23,123.676,2,0,10,0,5.6,10.1,-0.4,4.8
2019-10-24,49.888,3,0,10,0,-2.8,2.6,-7.3,4.1
2019-10-25,88.28999999999999,4,0,10,0,2.0,11.0,-5.8,0.0
2019-10-26,82.58,5,1,10,0,7.4,18.8,-0.2,0.0
2019-10-27,101.614,6,1,10,0,-5.3,-1.4,-8.4,4.2
2019-10-28,59.33,0,0,10,0,-10.0,-8.6,-11.7,5.9
2019-10-29,6.558,1,0,10,0,-11.7,-8.4,-14.8,6.9
2019-10-30,97.038,2,0,10,0,-13.2,-8.5,-18.5,1.1
2019-10-31,18.66,3,0,10,0,-5.3,2.0,-10.4,0.0
2019-11-01,103.616,4,0,11,0,-4.5,0.3,-11.9,0.0
2019-11-02,46.775999999999996,5,1,11,0,-3.0,4.9,-13.2,0.0
2019-11-03,127.416,6,1,11,0,1.4,8.8,-5.9,0.0
2019-11-04,108.634,0,0,11,0,0.9,5.1,-3.1,0.0
2019-11-05,75.694,1,0,11,0,0.1,7.2,-5.8,0.0
2019-11-06,61.512,2,0,11,0,-0.9,4.8,-5.8,0.3
2019-11-07,101.168,3,0,11,0,-3.2,0.8,-6.6,0.1
2019-11-08,123.92999999999999,4,0,11,0,5.8,13.2,-4.4,0.0
2019-11-09,79.05799999999999,5,1,11,0,8.5,18.8,1.9,0.0
2019-11-10,100.098,6,1,11,0,6.1,17.5,-2.0,0.0
2019-11-11,57.386,0,0,11,1,-8.2,-2.7,-12.3,3.9
2019-11-12,52.81400000000001,1,0,11,0,-2.0,7.8,-14.4,0.0
2019-11-13,80.854,2,0,11,0,5.3,9.6,0.3,0.0
2019-11-14,40.09,3,0,11,0,2.2,8.4,-2.5,0.0
2019-11-15,72.768,4,0,11,0,8.7,18.2,2.5,0.0
2019-11-16,62.467999999999996,5,1,11,0,8.3,14.9,2.0,0.4
2019-11-17,47.592,6,1,11,0,5.6,13.6,-1.2,0.0
2019-11-18,112.132,0,0,11,0,9.5,16.5,4.6,0.0
2019-11-19,79.286,1,0,11,0,7.9,15.6,1.6,0.0
2019-11-20,63.69199999999999,2,0,11,0,4.6,9.1,-1.3,3.6
2019-11-21,90.484,3,0,11,0,-4.3,-2.1,-6.1,3.7
2019-11-22,51.032,4,0,11,0,-2.7,1.0,-6.1,3.6
2019-11-23,91.718,5,1,11,0,4.5,12.6,-1.1,0.0
2019-11-24,104.302,6,1,11,0,5.7,12.8,0.2,0.0
2019-11-25,59.870000000000005,0,0,11,0,0.1,6.2,-4.0,7.6
2019-11-26,0.0,1,0,11,0,-5.6,-3.8,-8.6,24.8
2019-11-27,62.496,2,0,11,0,-12.3,-8.1,-14.3,0.0
2019-11-28,0.0,3,0,11,1,-9.5,-6.2,-12.4,0.0
2019-11-29,89.038,4,0,11,0,-7.1,-3.2,-10.1,2.0
2019-11-30,56.764,5,1,11,0,-3.5,-1.2,-8.1,0.8
2019-12-01,31.284,6,1,12,0,-4.0,-1.2,-8.8,0.0
2019-12-02,48.782000000000004,0,0,12,0,2.7,7.2,-5.7,0.0
2019-12-03,68.65,1,0,12,0,4.3,7.2,-0.8,0.0
2019-12-04,102.632,2,0,12,0,2.5,5.9,-4.2,0.0
2019-12-05,55.64,3,0,12,0,1.2,6.2,-3.8,3.1
2019-12-06,59.74400000000001,4,0,12,0,0.4,4.3,-2.5,0.2
2019-12-07,77.186,5,1,12,0,4.7,13.9,2.1,0.0
2019-12-08,62.748000000000005,6,1,12,0,3.9,6.8,0.1,0.1
2019-12-09,82.268,0,0,12,0,-3.8,2.3,-7.2,0.4
2019-12-10,86.51400000000001,1,0,12,0,-3.8,-0.8,-5.5,0.0
2019-12-11,125.156,2,0,12,0,-1.0,5.8,-8.9,0.0
2019-12-12,82.406,3,0,12,0,1.2,6.8,-5.9,0.6
2019-12-13,116.90799999999999,4,0,12,0,2.5,5.8,-2.5,0.2
2019-12-14,81.15,5,1,12,0,-4.1,-2.5,-6.3,1.4
2019-12-15,60.25,6,1,12,0,-4.9,-1.8,-8.4,0.4
2019-12-16,130.102,0,0,12,0,-9.3,-3.5,-13.8,0.3
2019-12-17,86.278,1,0,12,0,-7.6,0.7,-14.9,0.0
2019-12-18,116.152,2,0,12,0,-2.6,7.0,-8.4,0.0
2019-12-19,74.344,3,0,12,0,-1.5,2.8,-9.4,0.0
2019-12-20,46.888,4,0,12,0,-1.5,5.4,-8.2,0.0
2019-12-21,47.372,5,1,12,0,3.9,9.6,-3.0,0.0
2019-12-22,117.518,6,1,12,0,3.6,11.9,-2.0,0.0
2019-12-23,67.184,0,0,12,0,3.7,9.4,0.7,0.0
2019-12-24,45.804,1,0,12,0,2.2,7.9,-2.0,0.0
2019-12-25,0.0,2,0,12,1,-0.2,6.9,-5.3,0.2
2019-12-26,85.51599999999999,3,0,12,0,-4.8,2.0,-9.5,0.0
2019-12-27,84.368,4,0,12,0,-4.4,-2.2,-7.8,0.3
2019-12-28,0.0,5,1,12,0,-5.7,-3.7,-8.6,6.5
2019-12-29,112.916,6,1,12,0,-7.6,-3.0,-11.4,0.0
2019-12-30,67.632,0,0,12,0,-10.0,-3.1,-13.9,0.0
2019-12-31,44.638,1,0,12,0,-4.4,3.5,-11.6,0.0
2020-01-01,31.316000000000003,2,0,1,1,2.4,4.2,-2.1,0.9
2020-01-02,123.244,3,0,1,0,-0.3,2.8,-4.6,0.1
2020-01-03,70.082,4,0,1,0,-1.0,4.6,-6.7,0.0
2020-01-04,30.064,5,1,1,0,4.5,10.1,-0.9,0.2
2020-01-05,122.52799999999999,6,1,1,0,0.1,4.7,-4.8,0.1
2020-01-06,151.87800000000001,0,0,1,0,-1.8,1.6,-6.4,0.1
2020-01-07,93.084,1,0,1,0,-0.1,6.1,-5.6,0.0
2020-01-08,110.746,2,0,1,0,0.2,8.3,-5.1,0.0
2020-01-09,113.96,3,0,1,0,-1.8,2.0,-7.2,0.2
2020-01-10,100.01,4,0,1,0,-5.8,-0.9,-13.4,0.1
2020-01-11,43.604,5,1,1,0,-6.9,3.0,-16.5,0.0
2020-01-12,80.59599999999999,6,1,1,0,-2.5,2.0,-8.4,0.0
2020-01-13,68.006,0,0,1,0,-4.4,2.7,-10.9,0.0
2020-01-14,70.49,1,0,1,0,-2.3,7.9,-9.6,0.0
2020-01-15,0.0,2,0,1,0,-3.8,0.0,-7.4,0.0
2020-01-16,0.0,3,0,1,0,-4.2,-0.9,-8.8,0.0
2020-01-17,0.0,4,0,1,0,0.3,6.3,-7.0,0.3
2020-01-18,0.0,5,1,1,0,-3.9,1.8,-12.4,0.0
2020-01-19,10.072,6,1,1,0,-2.7,3.2,-6.9,0.0
2020-01-20,85.36999999999999,0,0,1,1,-1.6,4.8,-10.2,0.0
2020-01-21,79.902,1,0,1,0,3.1,7.2,-0.9,0.0
2020-01-22,85.29,2,0,1,0,3.0,6.4,-1.2,0.0
2020-01-23,101.43799999999999,3,0,1,0,-0.5,3.2,-7.6,0.0
2020-01-24,65.712,4,0,1,0,3.3,7.4,-1.2,0.0
2020-01-25,54.848,5,1,1,0,3.6,8.2,-1.9,0.0
2020-01-26,106.97,6,1,1,0,1.8,9.1,-4.0,0.0
2020-01-27,96.468,0,0,1,0,0.9,2.1,-1.1,1.1
2020-01-28,89.46000000000001,1,0,1,0,0.9,6.6,-2.7,0.0
2020-01-29,72.558,2,0,1,0,0.2,4.0,-4.0,2.0
2020-01-30,66.21,3,0,1,0,-0.1,4.2,-4.2,0.9
2020-01-31,79.858,4,0,1,0,2.4,8.1,-3.0,0.0
2020-02-01,85.662,5,1,2,0,8.1,13.6,1.7,0.1
2020-02-02,63.976,6,1,2,0,7.8,19.0,0.7,0.0
2020-02-03,22.566000000000003,0,0,2,0,-4.9,-0.9,-9.1,5.7
2020-02-04,15.282,1,0,2,0,-11.3,-9.1,-19.6,2.8
2020-02-05,117.922,2,0,2,0,-11.4,-4.0,-22.1,0.0
2020-02-06,49.738,3,0,2,0,-2.5,2.5,-8.8,2.0
2020-02-07,58.198,4,0,2,0,-4.7,-3.2,-6.5,8.4
2020-02-08,48.126,5,1,2,0,-1.8,5.0,-6.3,0.2
2020-02-09,50.086,6,1,2,0,-5.2,-2.0,-8.2,7.2
2020-02-10,49.22,0,0,2,0,-8.5,-6.2,-13.8,2.4
2020-02-11,50.928,1,0,2,0,-7.9,-4.1,-13.0,0.4
2020-02-12,56.92,2,0,2,0,-4.7,-0.7,-8.1,3.6
2020-02-13,58.544,3,0,2,0,-9.4,-7.1,-11.8,1.2
2020-02-14,52.792,4,0,2,0,-2.1,7.2,-10.7,0.0
2020-02-15,18.304,5,1,2,0,-5.8,3.5,-11.4,0.0
2020-02-16,66.098,6,1,2,0,0.7,6.2,-2.6,0.2
2020-02-17,72.496,0,0,2,1,-0.4,3.2,-5.1,4.0
2020-02-18,78.286,1,0,2,0,-6.2,-3.9,-9.2,2.0
2020-02-19,84.462,2,0,2,0,-8.4,-6.4,-12.7,1.5
2020-02-20,94.992,3,0,2,0,-11.4,-3.0,-17.1,0.0
2020-02-21,47.206,4,0,2,0,-5.4,6.1,-16.2,0.0
2020-02-22,7.602,5,1,2,0,2.9,9.6,-3.3,0.0
2020-02-23,136.26,6,1,2,0,1.1,5.2,-2.2,2.6
2020-02-24,113.094,0,0,2,0,-2.5,1.1,-9.8,0.4
2020-02-25,63.594,1,0,2,0,-8.2,-4.2,-16.0,0.1
2020-02-26,77.384,2,0,2,0,-6.8,0.6,-17.8,0.0
2020-02-27,130.096,3,0,2,0,0.3,3.8,-5.4,0.2
2020-02-28,76.716,4,0,2,0,0.9,7.2,-5.0,0.0
2020-02-29,95.466,5,1,2,0,3.7,10.8,-3.3,0.0
2020-03-01,75.196,6,1,3,0,-2.3,1.0,-6.1,2.1
2020-03-02,33.628,0,0,3,0,-1.7,4.2,-8.1,0.1
2020-03-03,41.218,1,0,3,0,0.8,7.4,-6.1,0.0
2020-03-04,115.092,2,0,3,0,1.5,11.2,-6.6,0.0
2020-03-05,98.294,3,0,3,0,-0.5,4.5,-7.5,0.0
2020-03-06,99.516,4,0,3,0,1.9,12.8,-5.7,0.0
2020-03-07,92.28999999999999,5,1,3,0,5.9,15.4,-1.0,0.0
2020-03-08,53.224,6,1,3,0,6.4,15.9,-2.2,2.2
2020-03-09,129.288,0,0,3,0,4.8,12.1,-0.3,1.1
2020-03-10,46.05,1,0,3,0,5.4,13.6,-2.5,0.2
2020-03-11,106.606,2,0,3,0,8.5,16.5,-0.7,0.0
2020-03-12,110.91,3,0,3,0,4.1,6.8,-0.4,0.3
2020-03-13,33.758,4,0,3,0,-0.8,4.0,-3.2,3.8
2020-03-14,0.978,5,1,3,0,-0.6,6.8,-5.1,0.0
2020-03-15,47.396,6,1,3,0,2.0,9.9,-4.1,0.1
2020-03-16,63.57,0,0,3,0,5.1,13.6,-3.1,0.0
2020-03-17,9.256,1,0,3,0,3.1,10.4,-1.0,0.1
2020-03-18,49.294,2,0,3,0,6.0,13.7,-2.0,2.3
2020-03-19,0.0,3,0,3,0,1.1,4.2,-3.8,31.6
2020-03-20,0.0,4,0,3,0,-7.5,-4.5,-9.8,2.4
2020-03-21,0.0,5,1,3,0,-1.3,4.6,-7.7,0.0
2020-03-22,62.848,6,1,3,0,-0.9,6.8,-6.6,0.0
2020-03-23,30.68,0,0,3,0,0.1,7.3,-5.8,0.4
2020-03-24,56.47,1,0,3,0,4.7,11.6,-0.4,0.0
2020-03-25,0.0,2,0,3,0,7.0,14.1,-0.1,0.0
2020-03-26,71.674,3,0,3,0,5.0,12.1,-0.7,0.0
2020-03-27,0.0,4,0,3,0,2.4,5.4,-0.9,4.3
2020-03-28,0.0,5,1,3,0,1.8,6.9,-1.5,0.3
2020-03-29,0.0,6,1,3,0,2.9,10.3,-3.7,0.0
2020-03-30,65.582,0,0,3,0,4.1,9.8,-0.9,0.1
2020-03-31,36.77,1,0,3,0,6.8,15.8,-0.4,0.0
2020-04-01,53.52,2,0,4,0,8.7,17.4,0.1,0.0
2020-04-02,0.0,3,0,4,0,-2.5,6.3,-6.3,2.6
2020-04-03,33.798,4,0,4,0,-2.2,4.8,-7.8,0.5
2020-04-04,23.052,5,1,4,0,2.5,11.1,-4.8,0.0
2020-04-05,0.0,6,1,4,0,7.8,16.6,-0.1,0.1
2020-04-06,33.72,0,0,4,0,10.8,19.0,2.0,0.0
2020-04-07,16.47,1,0,4,0,11.4,19.5,2.4,0.0
2020-04-08,30.276,2,0,4,0,10.8,17.8,2.5,0.0
2020-04-09,68.384,3,0,4,0,6.6,11.3,2.2,0.0
2020-04-10,14.228000000000002,4,0,4,0,11.3,19.1,1.6,0.6
2020-04-11,47.99,5,1,4,0,12.3,18.4,4.2,0.0
2020-04-12,0.0,6,1,4,0,-5.1,5.4,-8.7,12.3
2020-04-13,0.0,0,0,4,0,-9.4,-7.2,-11.2,3.1
2020-04-14,0.0,1,0,4,0,-7.6,2.2,-17.0,0.0
2020-04-15,0.0,2,0,4,0,-0.3,4.9,-7.1,2.8
2020-04-16,0.0,3,0,4,0,-3.8,-1.1,-7.2,22.1
2020-04-17,0.0,4,0,4,0,-4.0,4.2,-8.6,0.0
2020-04-18,0.0,5,1,4,0,0.1,6.9,-5.7,0.0
2020-04-19,0.0,6,1,4,0,1.8,5.8,-0.3,0.0
2020-04-20,90.156,0,0,4,0,3.2,8.4,-2.4,0.0
2020-04-21,63.408,1,0,4,0,5.9,14.3,-1.2,0.0
2020-04-22,105.636,2,0,4,0,9.5,15.5,1.8,0.0
2020-04-23,0.0,3,0,4,0,10.0,16.9,2.0,1.1
2020-04-24,48.166,4,0,4,0,7.7,12.1,3.3,1.5
2020-04-25,0.0,5,1,4,0,8.1,14.5,1.5,0.7
2020-04-26,95.128,6,1,4,0,11.9,20.9,2.2,0.6
2020-04-27,32.358,0,0,4,0,13.5,22.9,4.4,0.0
2020-04-28,7.218,1,0,4,0,13.1,19.7,6.1,0.0
2020-04-29,56.564,2,0,4,0,11.0,18.6,2.9,0.0
2020-04-30,38.008,3,0,4,0,15.3,25.5,5.9,0.0
2020-05-01,66.604,4,0,5,0,16.3,23.3,6.9,0.1
2020-05-02,35.818,5,1,5,0,12.4,17.5,7.9,8.8
2020-05-03,0.0,6,1,5,0,12.2,19.0,6.7,1.2
2020-05-04,52.626000000000005,0,0,5,0,12.2,17.5,5.3,0.1
2020-05-05,122.718,1,0,5,0,10.5,17.5,2.6,0.0
2020-05-06,0.0,2,0,5,0,10.6,17.0,3.2,0.0
2020-05-07,48.876,3,0,5,0,12.2,21.0,4.9,0.0
2020-05-08,32.908,4,0,5,0,7.3,14.1,1.8,0.4
2020-05-09,76.148,5,1,5,0,8.8,13.6,3.5,0.0
2020-05-10,10.016,6,1,5,0,7.6,13.7,2.2,0.0
2020-05-11,48.974000000000004,0,0,5,0,3.3,10.1,-2.7,3.4
2020-05-12,39.322,1,0,5,0,9.2,18.3,1.7,2.3
2020-05-13,32.844,2,0,5,0,14.3,23.4,3.6,0.0
2020-05-14,1.68,3,0,5,0,11.8,17.1,7.2,1.4
2020-05-15,65.634,4,0,5,0,11.5,16.1,7.8,5.1
2020-05-16,71.498,5,1,5,0,11.9,17.5,5.9,0.0
2020-05-17,0.0,6,1,5,0,13.1,19.9,5.6,0.0
2020-05-18,59.635999999999996,0,0,5,0,17.1,26.8,9.9,0.0
2020-05-19,10.926,1,0,5,0,19.3,29.3,9.3,0.1
2020-05-20,54.757999999999996,2,0,5,0,19.8,28.3,12.4,0.0
2020-05-21,38.156,3,0,5,0,13.6,20.0,4.8,0.0
2020-05-22,25.808,4,0,5,0,15.6,24.5,4.7,0.0
2020-05-23,6.498,5,1,5,0,16.2,23.0,8.2,0.0
2020-05-24,0.0,6,1,5,0,10.0,14.6,5.2,19.2
2020-05-25,0.0,0,0,5,1,8.7,14.8,2.0,0.0
2020-05-26,90.25200000000001,1,0,5,0,14.0,22.5,2.8,0.0
2020-05-27,58.974000000000004,2,0,5,0,17.1,23.1,9.9,0.1
2020-05-28,0.0,3,0,5,0,16.2,21.2,11.3,0.2
2020-05-29,74.71799999999999,4,0,5,0,18.7,27.0,11.3,0.0
2020-05-30,48.766,5,1,5,0,20.3,24.8,14.2,0.3
2020-05-31,18.916,6,1,5,0,19.8,27.8,12.9,0.0
2020-06-01,48.727999999999994,0,0,6,0,22.3,28.9,14.0,0.1
2020-06-02,55.480000000000004,1,0,6,0,21.7,27.8,14.6,0.0
2020-06-03,89.884,2,0,6,0,20.6,29.3,12.2,0.1
2020-06-04,36.775999999999996,3,0,6,0,21.5,28.6,14.6,0.0
2020-06-05,50.458,4,0,6,0,22.0,30.0,11.6,0.0
2020-06-06,11.946,5,1,6,0,20.6,28.4,14.8,0.1
2020-06-07,0.0,6,1,6,0,20.1,30.1,11.4,0.0
2020-06-08,45.768,0,0,6,0,16.1,22.9,9.9,1.8
2020-06-09,33.123999999999995,1,0,6,0,11.5,18.5,6.7,10.0
2020-06-10,58.620000000000005,2,0,6,0,15.3,23.1,6.3,0.0
2020-06-11,56.56999999999999,3,0,6,0,17.7,24.7,9.9,0.0
2020-06-12,25.552,4,0,6,0,19.6,28.6,10.4,0.0
2020-06-13,38.948,5,1,6,0,19.9,26.6,12.6,0.0
2020-06-14,0.0,6,1,6,0,22.4,29.5,14.4,0.0
2020-06-15,39.44,0,0,6,0,21.1,30.2,10.9,0.0
2020-06-16,95.69800000000001,1,0,6,0,23.6,32.2,14.9,0.0
2020-06-17,17.834,2,0,6,0,21.9,31.0,12.6,0.0
2020-06-18,92.876,3,0,6,0,15.1,19.6,10.9,1.5
2020-06-19,12.406,4,0,6,0,13.4,18.1,11.0,14.5
2020-06-20,0.0,5,1,6,0,18.4,27.9,6.2,0.0
2020-06-21,0.0,6,1,6,0,19.5,25.3,14.4,0.1
2020-06-22,48.148,0,0,6,0,18.4,24.2,11.8,0.0
2020-06-23,30.462,1,0,6,0,19.2,25.2,12.1,0.0
2020-06-24,0.0,2,0,6,0,21.3,29.2,12.4,0.0
2020-06-25,65.838,3,0,6,0,22.4,29.4,13.7,0.0
2020-06-26,115.02600000000001,4,0,6,0,19.1,24.1,13.4,1.1
2020-06-27,0.0,5,1,6,0,22.1,29.3,13.2,0.0
2020-06-28,0.0,6,1,6,0,23.2,29.0,17.1,0.0
2020-06-29,72.51599999999999,0,0,6,0,23.2,30.5,13.6,0.0
2020-06-30,98.062,1,0,6,0,20.0,25.4,14.2,0.4
2020-07-01,70.452,2,0,7,0,20.0,28.4,9.4,0.0
2020-07-02,76.606,3,0,7,0,21.8,30.8,12.8,0.1
2020-07-03,91.2,4,0,7,0,22.9,29.3,15.4,0.0
2020-07-04,32.288,5,1,7,1,21.8,29.2,14.6,0.6
2020-07-05,0.0,6,1,7,0,22.4,30.2,14.1,0.1
2020-07-06,73.806,0,0,7,0,24.0,32.5,15.4,0.0
2020-07-07,156.512,1,0,7,0,25.6,33.9,16.1,0.0
2020-07-08,0.0,2,0,7,0,24.6,33.3,12.9,0.0
2020-07-09,54.129999999999995,3,0,7,0,23.5,31.4,14.6,0.0
2020-07-10,60.462,4,0,7,0,25.4,35.2,14.1,0.0
2020-07-11,51.106,5,1,7,0,24.4,32.1,16.2,0.0
2020-07-12,13.45,6,1,7,0,25.7,32.4,16.9,0.0
2020-07-13,64.084,0,0,7,0,26.4,32.8,20.8,0.0
2020-07-14,99.082,1,0,7,0,21.4,26.5,16.9,0.5
2020-07-15,57.896,2,0,7,0,20.1,26.0,14.1,0.0
2020-07-16,79.99000000000001,3,0,7,0,24.2,31.7,15.4,0.0
2020-07-17,92.666,4,0,7,0,25.7,31.4,19.2,0.0
2020-07-18,22.172,5,1,7,0,27.1,33.3,20.9,0.0
2020-07-19,8.068,6,1,7,0,23.2,31.0,16.5,0.6
2020-07-20,30.07,0,0,7,0,24.4,30.8,19.5,0.0
2020-07-21,69.774,1,0,7,0,21.5,28.7,16.5,0.0
2020-07-22,0.0,2,0,7,0,23.7,32.9,14.9,0.0
2020-07-23,76.152,3,0,7,0,25.3,31.0,19.9,0.0
2020-07-24,109.574,4,0,7,0,23.5,29.2,18.5,2.8
2020-07-25,0.0,5,1,7,0,21.9,28.1,16.2,1.8
2020-07-26,71.982,6,1,7,0,21.9,28.3,16.7,1.0
2020-07-27,49.12,0,0,7,0,21.8,28.1,15.4,0.1
2020-07-28,148.846,1,0,7,0,20.7,25.9,16.2,1.1
2020-07-29,93.228,2,0,7,0,23.4,31.9,14.8,0.0
2020-07-30,30.978,3,0,7,0,19.0,23.8,13.2,4.1
2020-07-31,52.398,4,0,7,0,20.6,27.6,12.9,0.2
2020-08-01,0.0,5,1,8,0,21.3,29.0,13.6,0.0
2020-08-02,70.418,6,1,8,0,20.7,27.2,14.5,0.8
2020-08-03,37.178,0,0,8,0,21.4,29.5,14.7,0.0
2020-08-04,75.736,1,0,8,0,22.2,29.9,16.4,0.4
2020-08-05,40.446,2,0,8,0,22.1,29.2,15.2,2.0
2020-08-06,5.294,3,0,8,0,23.4,30.5,15.0,0.0
2020-08-07,88.136,4,0,8,0,25.1,33.2,16.8,0.0
2020-08-08,0.0,5,1,8,0,25.7,32.5,18.9,0.0
2020-08-09,66.132,6,1,8,0,26.5,33.5,15.9,0.0
2020-08-10,65.912,0,0,8,0,22.2,29.2,16.0,0.0
2020-08-11,38.406,1,0,8,0,24.0,32.3,14.8,0.0
2020-08-12,26.312,2,0,8,0,23.1,31.6,15.5,0.0
2020-08-13,102.568,3,0,8,0,24.6,32.7,14.9,0.0
2020-08-14,85.378,4,0,8,0,25.2,32.3,15.4,0.0
2020-08-15,32.738,5,1,8,0,23.8,32.3,15.0,0.0
2020-08-16,0.0,6,1,8,0,25.1,33.6,16.1,0.0
2020-08-17,67.418,0,0,8,0,25.1,32.0,18.0,0.0
2020-08-18,71.218,1,0,8,0,25.9,34.2,16.9,0.0
2020-08-19,140.322,2,0,8,0,25.0,32.8,17.8,0.0
2020-08-20,63.992,3,0,8,0,23.9,30.9,15.8,0.0
2020-08-21,52.32599999999999,4,0,8,0,25.9,33.1,19.4,0.0
2020-08-22,51.76,5,1,8,0,26.3,34.5,16.8,0.0
2020-08-23,40.316,6,1,8,0,25.5,34.8,16.3,0.0
2020-08-24,64.074,0,0,8,0,26.1,33.9,17.5,0.0
2020-08-25,52.684,1,0,8,0,27.0,33.3,20.8,0.0
2020-08-26,0.0,2,0,8,0,24.8,31.4,17.9,0.3
2020-08-27,41.344,3,0,8,0,24.9,33.1,16.5,0.0
2020-08-28,66.41,4,0,8,0,20.9,26.4,16.4,2.0
2020-08-29,0.0,5,1,8,0,19.6,27.6,14.8,0.2
2020-08-30,6.816,6,1,8,0,23.0,30.3,15.4,0.0
2020-08-31,65.032,0,0,8,0,16.5,25.0,9.8,0.8
2020-09-01,101.324,1,0,9,0,19.0,26.3,12.2,0.0
2020-09-02,54.328,2,0,9,0,20.9,31.5,12.1,0.0
2020-09-03,63.714,3,0,9,0,19.8,27.8,11.4,0.0
2020-09-04,37.31,4,0,9,0,22.0,30.3,13.8,0.0
2020-09-05,11.574,5,1,9,0,24.1,34.6,13.9,0.0
2020-09-06,48.284,6,1,9,0,27.1,35.0,20.8,0.0
2020-09-07,58.49400000000001,0,0,9,1,21.8,32.8,10.4,1.9
2020-09-08,0.0,1,0,9,0,2.0,8.9,-0.8,35.2
2020-09-09,36.782,2,0,9,0,-0.2,1.5,-1.1,6.0
2020-09-10,42.714,3,0,9,0,2.4,6.2,-2.6,3.0
2020-09-11,121.99000000000001,4,0,9,0,6.6,16.0,0.0,0.2
2020-09-12,67.688,5,1,9,0,15.8,23.5,7.4,0.0
2020-09-13,41.698,6,1,9,0,16.1,26.0,8.1,0.0
2020-09-14,47.106,0,0,9,0,17.3,26.5,10.1,0.0
2020-09-15,44.024,1,0,9,0,19.5,28.2,10.8,0.0
2020-09-16,61.878,2,0,9,0,17.4,22.9,12.5,0.0
2020-09-17,104.138,3,0,9,0,18.1,27.6,9.0,0.0
2020-09-18,72.422,4,0,9,0,17.3,25.5,10.1,0.0
2020-09-19,68.50399999999999,5,1,9,0,19.9,28.5,13.0,0.0
2020-09-20,31.36,6,1,9,0,18.3,25.1,11.3,0.0
2020-09-21,34.156,0,0,9,0,18.4,27.7,10.2,0.0
2020-09-22,52.897999999999996,1,0,9,0,19.0,26.9,11.6,0.0
2020-09-23,41.318,2,0,9,0,20.2,26.7,14.7,0.0
2020-09-24,78.634,3,0,9,0,20.8,29.5,14.5,0.0
2020-09-25,104.744,4,0,9,0,20.9,29.4,13.9,0.0
2020-09-26,12.254,5,1,9,0,21.1,30.0,12.4,0.0
2020-09-27,27.37,6,1,9,0,9.8,14.6,5.2,2.4
2020-09-28,76.928,0,0,9,0,8.2,14.1,1.5,0.0
2020-09-29,64.55199999999999,1,0,9,0,16.2,26.1,7.2,0.0
2020-09-30,58.16,2,0,9,0,15.7,20.8,11.9,0.0
2020-10-01,57.848,3,0,10,0,11.6,17.2,6.1,0.0
2020-10-02,59.63,4,0,10,0,15.1,22.4,7.7,0.0
2020-10-03,98.146,5,1,10,0,12.1,17.8,5.8,0.0
2020-10-04,35.903999999999996,6,1,10,0,15.0,26.0,6.2,0.0
2020-10-05,54.73,0,0,10,0,17.4,27.0,10.1,0.0
2020-10-06,76.638,1,0,10,0,16.2,27.1,6.8,0.0
2020-10-07,8.166,2,0,10,0,17.3,26.0,9.1,0.0
2020-10-08,39.982,3,0,10,0,17.8,27.5,7.7,0.0
2020-10-09,59.49,4,0,10,0,18.7,26.5,10.8,0.0
2020-10-10,80.104,5,1,10,0,15.8,23.9,9.7,0.0
2020-10-11,44.892,6,1,10,0,12.5,21.1,5.8,2.6
2020-10-12,23.156,0,0,10,1,11.6,21.1,2.7,0.0
2020-10-13,148.748,1,0,10,0,15.1,25.0,6.8,0.0
2020-10-14,85.506,2,0,10,0,15.2,25.9,4.4,0.8
2020-10-15,45.73,3,0,10,0,4.5,10.1,0.9,0.1
2020-10-16,24.316,4,0,10,0,8.8,21.8,-3.7,0.0
2020-10-17,36.14,5,1,10,0,15.1,22.3,6.7,0.0
2020-10-18,13.44,6,1,10,0,1.5,7.8,-1.9,1.1
2020-10-19,0.0,0,0,10,0,10.1,18.0,1.0,0.0
2020-10-20,38.64,1,0,10,0,11.3,20.6,4.8,0.0
2020-10-21,55.364,2,0,10,0,11.4,22.3,3.8,0.0
2020-10-22,111.108,3,0,10,0,2.2,12.2,-5.8,0.3
2020-10-23,51.826,4,0,10,0,-6.2,-0.4,-10.1,0.6
2020-10-24,46.830000000000005,5,1,10,0,1.6,11.4,-7.3,0.0
2020-10-25,0.0,6,1,10,0,-9.5,-0.8,-13.3,13.0
2020-10-26,0.0,0,0,10,0,-14.0,-11.2,-16.8,5.0
2020-10-27,3.528,1,0,10,0,-8.2,2.8,-17.9,0.0
2020-10-28,15.3,2,0,10,0,0.6,9.1,-6.9,0.0
2020-10-29,15.904,3,0,10,0,1.9,10.9,-4.2,0.0
2020-10-30,84.132,4,0,10,0,3.8,12.4,-2.0,0.0
2020-10-31,2.866,5,1,10,0,3.8,12.9,-3.0,0.0
2020-11-01,14.378,6,1,11,0,3.9,12.2,-6.4,0.0
2020-11-02,0.0,0,0,11,0,9.1,18.5,0.9,0.0
2020-11-03,74.83000000000001,1,0,11,0,12.4,21.1,5.5,0.0
2020-11-04,19.83,2,0,11,0,14.1,21.5,8.6,0.0
2020-11-05,39.736000000000004,3,0,11,0,12.3,20.8,7.4,0.0
2020-11-06,103.48400000000001,4,0,11,0,11.8,19.1,4.2,0.0
2020-11-07,0.0,5,1,11,0,11.4,19.9,5.4,0.0
2020-11-08,8.49,6,1,11,0,8.0,13.4,2.5,0.7
2020-11-09,10.21,0,0,11,0,0.1,4.7,-4.3,4.9
2020-11-10,70.984,1,0,11,0,-0.3,4.6,-4.2,0.0
2020-11-11,34.652,2,0,11,1,-0.6,4.8,-4.3,0.0
2020-11-12,23.886,3,0,11,0,-1.2,4.3,-4.9,0.3
2020-11-13,27.498,4,0,11,0,3.2,13.1,-6.3,0.0
2020-11-14,67.926,5,1,11,0,2.3,6.1,-4.0,2.9
2020-11-15,71.166,6,1,11,0,3.5,10.1,-4.7,0.0
2020-11-16,40.650000000000006,0,0,11,0,8.4,16.2,1.3,0.0
2020-11-17,60.812,1,0,11,0,9.0,16.5,3.1,0.0
2020-11-18,0.0,2,0,11,0,10.6,19.2,3.2,0.0
2020-11-19,32.774,3,0,11,0,9.8,15.6,3.2,0.0
2020-11-20,3.49,4,0,11,0,3.9,8.1,-0.6,0.0
2020-11-21,105.2,5,1,11,0,1.9,7.2,-4.3,0.0
2020-11-22,81.156,6,1,11,0,-0.2,4.2,-4.4,0.0
2020-11-23,39.044,0,0,11,0,4.0,11.1,-2.8,0.0
2020-11-24,57.178,1,0,11,0,-0.1,2.4,-3.5,10.1
2020-11-25,43.04,2,0,11,0,0.9,9.2,-4.3,0.0
2020-11-26,16.742,3,0,11,1,-0.4,5.6,-5.8,0.0
2020-11-27,0.0,4,0,11,0,-2.5,4.2,-8.1,0.0
2020-11-28,67.474,5,1,11,0,0.4,10.3,-6.1,0.0
2020-11-29,63.017999999999994,6,1,11,0,-1.5,1.9,-7.3,0.0
2020-11-30,0.0,0,0,11,0,1.9,12.1,-7.8,0.0
2020-12-01,31.97,1,0,12,0,0.8,4.8,-4.0,0.2
2020-12-02,21.642,2,0,12,0,-3.8,-0.1,-7.0,0.0
2020-12-03,159.04200000000003,3,0,12,0,-1.5,8.1,-7.1,0.0
2020-12-04,0.0,4,0,12,0,2.8,12.8,-3.3,0.0
2020-12-05,25.39,5,1,12,0,1.9,9.9,-3.0,0.0
2020-12-06,62.924,6,1,12,0,2.8,12.1,-2.9,0.0
2020-12-07,13.636,0,0,12,0,3.0,11.6,-2.5,0.0
2020-12-08,6.248,1,0,12,0,5.3,14.2,-1.9,0.0
2020-12-09,39.275999999999996,2,0,12,0,5.3,13.2,-1.5,0.0
2020-12-10,29.14,3,0,12,0,1.7,3.7,-2.8,1.2
2020-12-11,2.284,4,0,12,0,-4.6,-3.0,-7.6,2.2
2020-12-12,16.392,5,1,12,0,-6.8,-4.4,-8.4,1.1
2020-12-13,0.0,6,1,12,0,-6.2,-0.1,-16.0,0.3
2020-12-14,36.748,0,0,12,0,-3.6,0.4,-7.2,0.6
2020-12-15,0.0,1,0,12,0,-4.8,-0.9,-7.6,1.1
2020-12-16,8.724,2,0,12,0,-1.1,2.4,-4.6,0.0
2020-12-17,0.0,3,0,12,0,0.7,8.8,-7.9,0.0
2020-12-18,39.026,4,0,12,0,-1.9,0.8,-5.4,0.9
2020-12-19,3.142,5,1,12,0,-0.7,3.3,-3.9,0.0
2020-12-20,0.0,6,1,12,0,1.8,8.9,-6.4,0.0
2020-12-21,35.001999999999995,0,0,12,0,6.5,12.1,1.4,0.0
2020-12-22,42.664,1,0,12,0,5.2,13.9,-0.8,0.6
2020-12-23,3.072,2,0,12,0,-4.3,-1.6,-7.1,0.0
2020-12-24,37.004,3,0,12,0,1.3,7.3,-4.2,0.0
2020-12-25,0.0,4,0,12,1,3.6,10.8,-1.2,0.0
2020-12-26,0.0,5,1,12,0,6.5,14.1,0.2,0.2
2020-12-27,24.528,6,1,12,0,2.3,6.1,-3.2,0.4
2020-12-28,45.882,0,0,12,0,-3.2,-1.6,-4.6,5.6
2020-12-29,0.0,1,0,12,0,-4.0,1.1,-7.1,2.2
2020-12-30,48.402,2,0,12,0,-2.7,4.2,-8.1,0.0
2020-12-31,0.0,3,0,12,0,-0.2,5.0,-3.8,0.0
2021-01-01,0.0,4,0,1,1,-2.4,3.2,-8.1,0.0
2021-01-02,48.508,5,1,1,0,-0.1,7.7,-6.3,0.0
2021-01-03,0.0,6,1,1,0,2.4,7.8,-2.0,0.0
2021-01-04,31.066,0,0,1,0,2.7,10.1,-3.5,0.0
2021-01-05,38.198,1,0,1,0,2.2,7.8,-3.2,0.1
2021-01-06,59.208000000000006,2,0,1,0,0.3,5.1,-3.3,0.0
2021-01-07,0.0,3,0,1,0,-0.6,4.8,-4.2,0.0
2021-01-08,83.822,4,0,1,0,-0.2,5.3,-5.6,0.0
2021-01-09,26.746,5,1,1,0,-2.5,-0.6,-4.8,3.0
2021-01-10,78.09,6,1,1,0,-4.0,-0.6,-8.1,0.7
2021-01-11,24.822,0,0,1,0,-3.2,5.8,-9.1,0.0
2021-01-12,42.126,1,0,1,0,1.3,11.3,-5.7,0.0
2021-01-13,60.102000000000004,2,0,1,0,6.8,12.1,0.6,0.0
2021-01-14,11.522,3,0,1,0,-1.2,4.0,-6.0,0.3
2021-01-15,58.78,4,0,1,0,0.7,7.8,-6.2,0.0
2021-01-16,53.006,5,1,1,0,2.3,7.2,-3.0,0.0
2021-01-17,26.818,6,1,1,0,1.9,7.9,-3.2,0.4
2021-01-18,8.632,0,0,1,1,-0.1,3.1,-3.8,4.1
2021-01-19,59.672,1,0,1,0,-3.5,0.8,-7.2,0.2
2021-01-20,77.914,2,0,1,0,1.9,9.5,-5.0,0.0
2021-01-21,20.684,3,0,1,0,2.0,6.1,-1.2,0.0
2021-01-22,62.734,4,0,1,0,-1.2,2.4,-5.5,0.0
2021-01-23,66.882,5,1,1,0,-1.9,3.8,-6.1,0.0
2021-01-24,12.266,6,1,1,0,-5.6,-1.8,-8.6,0.1
2021-01-25,52.7,0,0,1,0,-3.5,-0.7,-6.7,0.9
2021-01-26,29.268,1,0,1,0,-7.1,-5.4,-10.4,3.8
2021-01-27,33.135999999999996,2,0,1,0,-7.1,0.6,-17.7,0.0
2021-01-28,35.644,3,0,1,0,2.1,11.8,-5.8,0.0
2021-01-29,63.034,4,0,1,0,2.0,12.2,-5.8,0.0
2021-01-30,36.978,5,1,1,0,2.6,7.8,-1.8,0.0
2021-01-31,65.424,6,1,1,0,0.5,5.7,-4.7,0.0
2021-02-01,51.03,0,0,2,0,2.9,10.1,-4.2,0.0
2021-02-02,43.87,1,0,2,0,7.3,14.8,1.3,0.0
2021-02-03,85.218,2,0,2,0,6.2,15.2,-0.8,0.8
2021-02-04,35.406,3,0,2,0,-1.1,2.0,-5.1,0.0
2021-02-05,86.506,4,0,2,0,-0.1,4.4,-3.6,0.4
2021-02-06,8.524,5,1,2,0,1.1,5.2,-2.3,0.5
2021-02-07,0.0,6,1,2,0,1.5,9.9,-12.6,0.3
2021-02-08,50.494,0,0,2,0,-7.5,-0.3,-13.4,0.0
2021-02-09,67.956,1,0,2,0,-8.2,-1.2,-13.6,0.0
2021-02-10,62.596000000000004,2,0,2,0,-8.1,-0.5,-13.4,0.0
2021-02-11,34.532,3,0,2,0,-10.3,-2.8,-19.5,0.2
2021-02-12,89.22,4,0,2,0,-19.6,-16.2,-21.5,2.9
2021-02-13,23.05,5,1,2,0,-20.9,-16.1,-24.9,5.3
2021-02-14,31.142,6,1,2,0,-22.4,-20.6,-25.8,2.0
2021-02-15,45.494,0,0,2,1,-17.4,-9.8,-27.2,0.0
2021-02-16,52.098,1,0,2,0,-4.4,1.6,-10.1,0.0
2021-02-17,35.044,2,0,2,0,-5.6,-2.2,-9.5,5.5
2021-02-18,18.054000000000002,3,0,2,0,-7.8,-3.7,-13.6,1.3
2021-02-19,45.891999999999996,4,0,2,0,-3.9,3.0,-9.1,0.0
2021-02-20,8.77,5,1,2,0,-0.6,3.8,-8.8,7.0
2021-02-21,39.751999999999995,6,1,2,0,-2.2,1.1,-6.6,0.0
2021-02-22,37.326,0,0,2,0,1.3,6.6,-3.0,0.0
2021-02-23,49.266,1,0,2,0,1.2,6.9,-6.7,0.0
2021-02-24,57.836,2,0,2,0,-3.5,1.0,-8.4,5.2
2021-02-25,75.612,3,0,2,0,-7.0,-4.9,-8.4,4.2
2021-02-26,81.35,4,0,2,0,-5.3,4.6,-13.7,0.0
2021-02-27,37.116,5,1,2,0,-4.9,0.2,-10.9,0.9
2021-02-28,42.69,6,1,2,0,-7.7,-0.6,-17.6,0.0
2021-03-01,50.644,0,0,3,0,-5.2,3.5,-12.8,0.0
2021-03-02,43.492000000000004,1,0,3,0,0.9,12.8,-7.8,0.0
2021-03-03,110.6,2,0,3,0,0.4,10.8,-8.4,0.0
2021-03-04,50.989999999999995,3,0,3,0,0.9,4.3,-5.9,3.4
2021-03-05,21.962,4,0,3,0,2.1,11.6,-6.3,0.0
2021-03-06,5.65,5,1,3,0,2.3,14.4,-6.5,0.0
2021-03-07,11.204,6,1,3,0,6.8,16.4,-1.2,0.0
2021-03-08,60.396,0,0,3,0,6.0,15.4,-0.6,0.0
2021-03-09,46.160000000000004,1,0,3,0,7.9,15.4,-1.2,0.2
2021-03-10,70.594,2,0,3,0,2.0,7.8,-5.6,3.7
2021-03-11,0.0,3,0,3,0,-0.5,6.2,-6.2,1.9
2021-03-12,34.448,4,0,3,0,1.6,4.6,-0.6,2.5
2021-03-13,2.846,5,1,3,0,0.2,1.2,-1.5,22.4
2021-03-14,0.0,6,1,3,0,-0.8,0.1,-3.0,34.5
2021-03-15,0.0,0,0,3,0,-3.5,0.5,-10.2,0.0
2021-03-16,56.394000000000005,1,0,3,0,-2.7,-1.2,-5.2,1.3
2021-03-17,37.672,2,0,3,0,-2.2,1.4,-5.6,0.3
2021-03-18,13.748,3,0,3,0,-3.5,2.4,-10.9,0.0
2021-03-19,107.808,4,0,3,0,1.5,7.7,-8.3,0.0
2021-03-20,72.578,5,1,3,0,2.5,10.6,-4.1,0.0
2021-03-21,0.0,6,1,3,0,1.1,5.4,-3.0,7.0
2021-03-22,0.0,0,0,3,0,-0.9,1.1,-3.4,3.6
2021-03-23,46.007999999999996,1,0,3,0,-2.0,2.5,-7.3,0.8
2021-03-24,29.606,2,0,3,0,-2.4,-0.4,-6.2,3.6
2021-03-25,11.062,3,0,3,0,-2.5,4.6,-10.0,0.1
2021-03-26,6.11,4,0,3,0,-0.1,2.8,-3.2,1.2
2021-03-27,0.0,5,1,3,0,0.2,5.4,-3.8,0.0
2021-03-28,31.112,6,1,3,0,4.8,12.3,-2.3,0.0
2021-03-29,80.964,0,0,3,0,8.8,17.5,0.8,0.3
2021-03-30,0.0,1,0,3,0,-1.4,1.6,-7.4,4.4
2021-03-31,25.282,2,0,3,0,-1.2,6.6,-9.6,0.0
2021-04-01,56.22,3,0,4,0,3.9,16.0,-6.0,0.0
2021-04-02,42.122,4,0,4,0,8.5,18.3,-0.2,0.0
2021-04-03,19.578,5,1,4,0,10.5,21.5,-0.3,0.0
2021-04-04,79.232,6,1,4,0,11.4,22.5,1.4,0.0
2021-04-05,51.23,0,0,4,0,11.0,21.5,1.4,0.0
2021-04-06,91.956,1,0,4,0,5.9,11.9,1.8,6.2
2021-04-07,103.23,2,0,4,0,6.2,14.4,0.4,0.0
2021-04-08,41.894,3,0,4,0,8.8,16.8,1.3,0.0
2021-04-09,76.158,4,0,4,0,5.1,10.7,0.6,2.8
2021-04-10,50.936,5,1,4,0,6.8,17.5,-3.0,0.0
2021-04-11,34.184,6,1,4,0,5.5,10.9,1.2,0.0
2021-04-12,16.738,0,0,4,0,0.3,4.2,-3.8,0.0
2021-04-13,30.856,1,0,4,0,-0.2,3.8,-3.0,4.2
2021-04-14,37.082,2,0,4,0,0.6,6.8,-2.6,1.8
2021-04-15,0.0,3,0,4,0,0.3,2.3,-1.5,12.9
2021-04-16,27.846,4,0,4,0,-1.5,1.4,-3.4,5.2
2021-04-17,68.09800000000001,5,1,4,0,-1.9,2.7,-7.9,0.1
2021-04-18,29.502,6,1,4,0,1.0,9.1,-9.8,0.0
2021-04-19,0.0,0,0,4,0,-1.0,5.4,-7.2,12.6
2021-04-20,22.456000000000003,1,0,4,0,-7.2,-3.8,-11.0,0.5
2021-04-21,75.144,2,0,4,0,-4.5,-2.1,-6.2,2.9
2021-04-22,36.398,3,0,4,0,-2.4,1.9,-6.2,1.9
2021-04-23,60.576,4,0,4,0,1.3,6.2,-4.7,0.0
2021-04-24,74.782,5,1,4,0,3.2,13.0,-6.3,0.0
2021-04-25,85.74,6,1,4,0,9.7,18.8,1.2,0.0
2021-04-26,37.25,0,0,4,0,11.8,20.1,-0.6,0.0
2021-04-27,12.56,1,0,4,0,7.4,11.9,3.4,7.3
2021-04-28,80.844,2,0,4,0,7.1,13.8,2.8,11.8
2021-04-29,37.97,3,0,4,0,10.0,18.0,1.2,0.0
2021-04-30,51.370000000000005,4,0,4,0,13.9,23.0,3.8,0.0
2021-05-01,77.574,5,1,5,0,17.9,26.5,7.5,0.0
2021-05-02,31.355999999999998,6,1,5,0,12.9,17.6,8.4,7.8
2021-05-03,11.324,0,0,5,0,4.2,7.5,2.0,36.4
2021-05-04,92.73400000000001,1,0,5,0,5.5,10.7,1.5,0.9
2021-05-05,98.282,2,0,5,0,6.6,10.8,1.6,1.4
2021-05-06,139.872,3,0,5,0,9.4,17.5,2.9,0.0
2021-05-07,55.016,4,0,5,0,14.8,24.8,3.2,0.0
2021-05-08,17.822,5,1,5,0,12.7,20.0,5.1,3.6
2021-05-09,99.46,6,1,5,0,5.8,9.4,2.5,4.6
2021-05-10,18.08,0,0,5,0,3.9,7.4,1.3,17.2
2021-05-11,18.67,1,0,5,0,1.0,3.3,-0.8,5.9
2021-05-12,29.972,2,0,5,0,4.4,12.1,-5.8,0.1
2021-05-13,45.604,3,0,5,0,10.3,20.0,0.6,0.1
2021-05-14,118.84,4,0,5,0,11.3,17.8,5.0,1.5
2021-05-15,56.304,5,1,5,0,11.4,16.8,7.4,0.8
2021-05-16,57.510000000000005,6,1,5,0,11.7,15.6,6.6,1.7
2021-05-17,36.842,0,0,5,0,11.6,15.9,7.9,17.9
2021-05-18,49.342,1,0,5,0,11.0,15.7,5.8,0.3
2021-05-19,118.57,2,0,5,0,12.6,19.1,6.0,1.1
2021-05-20,130.356,3,0,5,0,14.7,23.0,7.1,0.5
2021-05-21,93.378,4,0,5,0,16.9,24.6,9.4,0.0
2021-05-22,55.076,5,1,5,0,12.5,18.7,6.9,0.8
2021-05-23,41.230000000000004,6,1,5,0,15.3,22.4,8.6,0.9
2021-05-24,50.546,0,0,5,0,12.6,20.2,3.2,0.0
2021-05-25,30.916,1,0,5,0,14.4,21.1,6.6,0.0
2021-05-26,78.862,2,0,5,0,15.3,22.6,7.8,0.0
2021-05-27,264.56399999999996,3,0,5,0,13.9,19.2,6.7,0.0
2021-05-28,133.05599999999998,4,0,5,0,15.0,23.5,6.5,0.0
2021-05-29,0.0,5,1,5,0,15.0,21.1,8.4,3.6
2021-05-30,57.376000000000005,6,1,5,0,10.9,12.9,8.3,23.5
2021-05-31,86.682,0,0,5,1,9.9,14.1,5.8,2.0
2021-06-01,5.3180000000000005,1,0,6,0,11.8,18.2,5.4,0.4
2021-06-02,110.44,2,0,6,0,14.2,21.4,6.1,0.0
2021-06-03,41.488,3,0,6,0,17.3,24.7,8.9,0.0
2021-06-04,60.798,4,0,6,0,19.6,28.0,11.0,0.0
2021-06-05,45.438,5,1,6,0,20.9,29.4,12.1,0.0
2021-06-06,87.75,6,1,6,0,22.5,28.3,15.7,0.0
2021-06-07,54.007999999999996,0,0,6,0,20.4,28.6,12.6,0.1
2021-06-08,103.888,1,0,6,0,21.0,30.5,12.1,0.0
2021-06-09,9.2,2,0,6,0,22.3,29.6,12.3,0.0
2021-06-10,43.36,3,0,6,0,21.7,31.4,13.4,0.0
2021-06-11,120.542,4,0,6,0,18.3,24.2,10.8,0.0
2021-06-12,51.488,5,1,6,0,19.2,28.1,10.8,0.0
2021-06-13,65.206,6,1,6,0,21.4,29.3,13.6,0.0
2021-06-14,36.344,0,0,6,0,22.9,32.5,14.6,0.0
2021-06-15,6.082,1,0,6,0,24.0,32.9,15.6,0.0
2021-06-16,90.976,2,0,6,0,26.1,33.8,17.8,0.0
2021-06-17,62.358,3,0,6,0,26.3,34.0,18.5,0.0
2021-06-18,78.272,4,0,6,0,24.0,30.1,18.1,0.3
2021-06-19,30.168,5,1,6,1,21.8,28.0,15.3,0.0
2021-06-20,33.483999999999995,6,1,6,0,21.4,26.4,15.2,2.5
2021-06-21,76.03399999999999,0,0,6,0,15.0,20.9,9.8,2.0
2021-06-22,145.748,1,0,6,0,21.6,31.0,10.4,0.0
2021-06-23,103.53,2,0,6,0,24.9,33.4,13.9,0.0
2021-06-24,64.13,3,0,6,0,21.8,26.3,17.2,1.1
2021-06-25,31.224,4,0,6,0,16.4,22.1,12.0,7.5
2021-06-26,62.014,5,1,6,0,16.0,19.2,13.2,4.6
2021-06-27,15.414,6,1,6,0,16.1,20.5,11.6,1.3
2021-06-28,144.424,0,0,6,0,15.6,20.5,10.6,1.0
2021-06-29,87.466,1,0,6,0,16.6,23.1,10.0,0.4
2021-06-30,76.14,2,0,6,0,19.0,25.1,13.1,0.2
2021-07-01,144.684,3,0,7,0,17.5,22.9,13.3,6.1
2021-07-02,97.132,4,0,7,0,18.9,26.3,12.4,0.1
2021-07-03,60.318000000000005,5,1,7,0,21.6,28.8,13.6,0.2
2021-07-04,23.792,6,1,7,1,22.3,28.6,15.8,0.0
2021-07-05,10.398,0,0,7,0,22.4,29.6,15.7,0.0
2021-07-06,91.17399999999999,1,0,7,0,20.7,25.3,17.5,1.4
2021-07-07,88.164,2,0,7,0,21.8,29.7,13.4,0.0
2021-07-08,71.84,3,0,7,0,25.6,34.5,15.1,0.0
2021-07-09,67.52199999999999,4,0,7,0,26.0,32.8,19.4,0.0
2021-07-10,45.982,5,1,7,0,21.9,26.8,15.9,0.0
2021-07-11,14.908,6,1,7,0,20.8,28.0,13.6,0.0
2021-07-12,49.184000000000005,0,0,7,0,22.6,30.9,14.4,0.0
2021-07-13,30.794,1,0,7,0,22.8,28.6,17.0,0.0
2021-07-14,88.652,2,0,7,0,20.1,24.0,14.9,0.1
2021-07-15,135.896,3,0,7,0,19.7,27.2,12.2,0.3
2021-07-16,76.406,4,0,7,0,22.5,30.4,15.1,0.0
2021-07-17,70.608,5,1,7,0,22.9,30.9,14.2,0.0
2021-07-18,78.162,6,1,7,0,22.5,30.0,15.2,0.0
2021-07-19,111.252,0,0,7,0,24.0,31.5,15.1,0.0
2021-07-20,133.134,1,0,7,0,23.5,31.0,15.9,0.0
2021-07-21,96.22999999999999,2,0,7,0,23.2,29.0,17.4,0.0
2021-07-22,76.472,3,0,7,0,24.1,31.0,16.4,0.0
2021-07-23,51.87,4,0,7,0,24.1,29.6,19.1,0.4
2021-07-24,48.702000000000005,5,1,7,0,22.8,29.1,17.2,0.3
2021-07-25,22.098,6,1,7,0,22.8,29.1,16.4,0.0
2021-07-26,185.094,0,0,7,0,23.9,31.5,15.4,0.0
2021-07-27,82.18,1,0,7,0,23.8,32.1,14.9,0.0
2021-07-28,114.446,2,0,7,0,25.5,33.3,17.0,0.0
2021-07-29,173.274,3,0,7,0,24.2,31.0,18.6,0.0
2021-07-30,91.966,4,0,7,0,22.8,30.4,17.5,3.5
2021-07-31,44.198,5,1,7,0,19.6,23.4,17.3,3.5
2021-08-01,77.412,6,1,8,0,18.7,23.1,14.7,0.0
2021-08-02,53.66,0,0,8,0,20.1,25.7,14.0,0.0
2021-08-03,134.524,1,0,8,0,20.6,25.0,17.2,2.2
2021-08-04,75.77799999999999,2,0,8,0,19.9,25.2,16.1,1.6
2021-08-05,131.672,3,0,8,0,20.8,29.4,12.2,0.0
2021-08-06,128.706,4,0,8,0,22.6,29.7,15.4,0.8
2021-08-07,62.692,5,1,8,0,20.2,27.8,13.6,0.0
2021-08-08,51.666,6,1,8,0,21.9,29.6,13.6,0.0
2021-08-09,59.566,0,0,8,0,23.4,30.4,15.5,0.0
2021-08-10,91.46,1,0,8,0,22.4,30.9,12.8,0.0
2021-08-11,109.14,2,0,8,0,22.9,30.7,17.2,0.0
2021-08-12,160.202,3,0,8,0,21.7,27.6,15.0,0.0
2021-08-13,40.208,4,0,8,0,20.3,25.6,14.7,0.0
2021-08-14,52.036,5,1,8,0,22.4,29.2,15.1,0.0
2021-08-15,0.0,6,1,8,0,22.3,28.9,16.1,0.0
2021-08-16,66.676,0,0,8,0,22.2,29.7,14.1,0.0
2021-08-17,8.99,1,0,8,0,22.9,31.6,15.7,0.0
2021-08-18,25.976,2,0,8,0,23.1,30.4,15.4,0.0
2021-08-19,68.416,3,0,8,0,18.8,22.5,14.9,1.7
2021-08-20,100.118,4,0,8,0,18.1,25.9,11.9,2.5
2021-08-21,66.40599999999999,5,1,8,0,17.4,24.5,11.6,0.0
2021-08-22,110.132,6,1,8,0,20.0,29.4,11.6,0.0
2021-08-23,56.867999999999995,0,0,8,0,20.7,29.0,11.9,0.0
2021-08-24,77.114,1,0,8,0,21.6,29.6,13.0,0.0
2021-08-25,60.4,2,0,8,0,20.2,27.1,14.8,0.0
2021-08-26,139.314,3,0,8,0,20.6,26.9,14.4,0.0
2021-08-27,107.99799999999999,4,0,8,0,22.2,31.1,14.8,0.0
2021-08-28,83.34,5,1,8,0,21.4,30.0,13.9,0.0
2021-08-29,87.034,6,1,8,0,19.5,25.8,15.2,0.6
2021-08-30,96.08600000000001,0,0,8,0,21.8,31.5,12.5,0.0
2021-08-31,42.476,1,0,8,0,24.1,32.0,15.4,0.0
2021-09-01,135.68,2,0,9,0,21.6,29.1,14.6,1.9
2021-09-02,32.058,3,0,9,0,19.7,24.9,15.2,0.1
2021-09-03,115.8,4,0,9,0,18.2,23.8,13.6,2.1
2021-09-04,39.258,5,1,9,0,18.2,25.7,10.6,0.1
2021-09-05,19.698,6,1,9,0,19.8,28.0,10.5,0.0
2021-09-06,5.494,0,0,9,1,22.5,32.2,12.8,0.0
2021-09-07,106.212,1,0,9,0,21.5,27.2,14.5,0.0
2021-09-08,144.412,2,0,9,0,19.6,27.6,12.9,0.0
2021-09-09,63.586,3,0,9,0,21.9,32.2,11.0,0.0
2021-09-10,77.39999999999999,4,0,9,0,23.1,33.5,14.5,0.0
2021-09-11,121.46000000000001,5,1,9,0,24.0,33.0,17.0,0.0
2021-09-12,205.47199999999998,6,1,9,0,20.4,26.4,15.3,0.0
2021-09-13,63.104,0,0,9,0,19.6,28.2,13.4,0.0
2021-09-14,106.166,1,0,9,0,17.7,23.6,12.2,0.0
2021-09-15,149.784,2,0,9,0,19.6,29.5,9.8,0.0
2021-09-16,37.408,3,0,9,0,21.7,30.2,14.4,0.0
2021-09-17,56.242000000000004,4,0,9,0,13.6,19.2,7.7,0.0
2021-09-18,69.062,5,1,9,0,19.3,30.0,8.6,0.0
2021-09-19,8.528,6,1,9,0,21.8,29.1,15.1,0.2
2021-09-20,84.848,0,0,9,0,14.8,20.1,9.2,1.3
2021-09-21,144.364,1,0,9,0,10.6,16.1,4.0,1.0
2021-09-22,71.372,2,0,9,0,14.1,23.4,5.2,0.0
2021-09-23,95.062,3,0,9,0,18.4,25.6,9.4,0.0
2021-09-24,120.402,4,0,9,0,14.3,20.1,8.9,0.0
2021-09-25,42.928,5,1,9,0,18.0,27.9,7.6,0.0
2021-09-26,77.608,6,1,9,0,20.6,28.2,12.6,0.0
2021-09-27,71.80600000000001,0,0,9,0,20.4,28.7,12.3,0.0
2021-09-28,108.084,1,0,9,0,18.8,25.2,13.2,0.8
2021-09-29,49.86,2,0,9,0,13.9,20.1,7.2,6.7
2021-09-30,78.668,3,0,9,0,9.1,11.8,6.8,1.2
2021-10-01,77.392,4,0,10,0,12.1,17.9,7.3,0.0
2021-10-02,80.956,5,1,10,0,12.6,18.8,7.3,0.0
2021-10-03,32.818,6,1,10,0,14.2,22.6,5.6,0.0
2021-10-04,40.682,0,0,10,0,15.1,24.2,6.4,0.0
2021-10-05,112.73,1,0,10,0,15.6,24.6,7.9,0.0
2021-10-06,91.996,2,0,10,0,15.5,23.4,8.6,0.0
2021-10-07,110.918,3,0,10,0,16.7,23.0,8.1,0.0
2021-10-08,80.624,4,0,10,0,15.4,23.7,9.8,0.6
2021-10-09,92.476,5,1,10,0,13.7,20.6,7.3,0.0
2021-10-10,45.904,6,1,10,0,11.7,18.5,6.1,0.0
2021-10-11,86.092,0,0,10,1,11.3,19.9,3.2,0.0
2021-10-12,131.718,1,0,10,0,7.6,13.1,1.9,3.8
2021-10-13,55.634,2,0,10,0,6.1,10.6,1.5,0.9
2021-10-14,93.99,3,0,10,0,3.0,7.2,-0.6,1.3
2021-10-15,68.358,4,0,10,0,4.1,11.2,-2.5,0.0
2021-10-16,67.136,5,1,10,0,7.1,15.1,0.8,0.0
2021-10-17,41.05,6,1,10,0,9.7,18.6,2.2,0.0
2021-10-18,69.42,0,0,10,0,12.6,21.4,5.8,0.0
2021-10-19,86.382,1,0,10,0,7.9,14.7,3.2,0.8
2021-10-20,80.824,2,0,10,0,7.0,15.6,1.1,0.0
2021-10-21,59.214,3,0,10,0,9.0,17.8,2.2,0.0
2021-10-22,80.914,4,0,10,0,11.0,21.0,3.8,0.0
2021-10-23,13.086,5,1,10,0,10.5,17.5,3.7,0.0
2021-10-24,0.0,6,1,10,0,10.3,17.4,5.0,0.1
2021-10-25,72.536,0,0,10,0,10.9,19.9,2.7,0.0
2021-10-26,57.726,1,0,10,0,10.6,20.5,5.3,6.1
2021-10-27,44.73,2,0,10,0,7.5,11.1,4.1,0.0
2021-10-28,89.78,3,0,10,0,8.0,14.7,3.6,0.0
2021-10-29,83.932,4,0,10,0,11.3,21.1,4.1,0.0
2021-10-30,63.378,5,1,10,0,12.4,19.4,3.6,0.0
2021-10-31,68.934,6,1,10,0,1.5,4.6,-0.4,0.0
2021-11-01,60.908,0,0,11,0,0.1,3.8,-2.2,0.2
2021-11-02,96.134,1,0,11,0,1.4,4.4,-2.1,0.5
2021-11-03,94.814,2,0,11,0,6.9,13.3,2.3,0.0
2021-11-04,104.312,3,0,11,0,8.4,18.5,0.3,0.0
2021-11-05,94.842,4,0,11,0,13.0,20.4,5.2,0.0
2021-11-06,50.58,5,1,11,0,11.1,21.0,2.8,0.0
2021-11-07,162.396,6,1,11,0,12.2,22.3,4.8,0.0
2021-11-08,64.7,0,0,11,0,4.2,10.4,0.3,0.0
2021-11-09,103.642,1,0,11,0,5.3,11.0,-1.5,0.0
2021-11-10,44.176,2,0,11,0,8.5,12.6,3.9,0.0
2021-11-11,22.274,3,0,11,1,5.1,11.2,-0.6,0.1
2021-11-12,62.396,4,0,11,0,5.1,12.1,-1.3,0.1
2021-11-13,67.088,5,1,11,0,11.9,16.8,7.3,0.0
2021-11-14,34.756,6,1,11,0,9.6,18.2,0.1,0.0
2021-11-15,125.976,0,0,11,0,13.3,20.5,7.4,0.0
2021-11-16,96.714,1,0,11,0,12.0,19.5,6.6,0.0
2021-11-17,154.82,2,0,11,0,-2.1,5.1,-7.7,0.8
2021-11-18,89.37599999999999,3,0,11,0,-0.1,6.2,-6.3,0.0
2021-11-19,86.92,4,0,11,0,8.0,15.8,1.1,0.0
2021-11-20,104.22,5,1,11,0,4.7,10.4,-0.2,0.0
2021-11-21,17.834,6,1,11,0,4.9,12.1,-0.6,0.0
2021-11-22,94.948,0,0,11,0,8.6,18.1,4.2,0.0
2021-11-23,134.92,1,0,11,0,10.8,18.1,2.8,0.0
2021-11-24,71.834,2,0,11,0,2.7,8.9,-4.9,0.4
2021-11-25,5.792,3,0,11,1,4.2,12.2,-4.9,0.0
2021-11-26,33.768,4,0,11,0,10.9,19.1,3.7,0.0
2021-11-27,16.782,5,1,11,0,6.6,10.3,0.8,0.0
2021-11-28,60.894000000000005,6,1,11,0,9.1,17.8,0.0,0.0
2021-11-29,102.738,0,0,11,0,13.1,20.2,6.4,0.0
2021-11-30,62.166,1,0,11,0,8.4,15.4,2.0,0.0
2021-12-01,73.116,2,0,12,0,12.9,20.6,4.3,0.0
2021-12-02,48.466,3,0,12,0,11.4,18.4,4.3,0.0
2021-12-03,12.767999999999999,4,0,12,0,7.0,12.6,1.4,0.0
2021-12-04,101.492,5,1,12,0,7.9,17.1,-0.3,0.0
2021-12-05,27.476,6,1,12,0,5.9,15.1,-9.2,0.0
2021-12-06,83.828,0,0,12,0,-6.6,-0.1,-12.4,0.0
2021-12-07,121.672,1,0,12,0,2.9,9.5,-1.6,0.0
2021-12-08,49.745999999999995,2,0,12,0,6.3,10.8,0.4,0.3
2021-12-09,120.63999999999999,3,0,12,0,4.5,7.9,0.6,0.3
2021-12-10,37.546,4,0,12,0,-1.8,1.0,-5.2,3.5
2021-12-11,89.086,5,1,12,0,-0.6,6.3,-7.8,0.0
2021-12-12,178.26600000000002,6,1,12,0,7.2,14.6,0.2,0.0
2021-12-13,55.066,0,0,12,0,3.4,9.9,-2.2,0.0
2021-12-14,65.782,1,0,12,0,6.0,16.4,0.2,0.0
2021-12-15,62.006,2,0,12,0,2.4,7.9,-1.1,1.1
2021-12-16,22.567999999999998,3,0,12,0,1.8,6.9,-2.8,0.0
2021-12-17,111.36800000000001,4,0,12,0,-1.2,2.4,-5.7,0.0
2021-12-18,90.916,5,1,12,0,-3.6,4.2,-10.1,0.0
2021-12-19,24.478,6,1,12,0,4.2,11.9,-0.9,0.0
2021-12-20,37.44,0,0,12,0,6.1,14.1,-0.8,0.0
2021-12-21,11.911999999999999,1,0,12,0,6.3,12.9,0.4,0.0
2021-12-22,37.448,2,0,12,0,7.7,14.2,1.1,0.0
2021-12-23,86.41,3,0,12,0,8.7,15.6,2.2,0.4
2021-12-24,16.387999999999998,4,0,12,0,4.1,6.3,-0.9,12.2
2021-12-25,6.278,5,1,12,1,3.4,11.8,-2.3,0.2
2021-12-26,72.898,6,1,12,0,2.2,10.6,-4.1,0.0
2021-12-27,41.96,0,0,12,0,0.2,6.5,-4.9,0.1
2021-12-28,44.436,1,0,12,0,-2.8,0.9,-6.8,0.1
2021-12-29,85.744,2,0,12,0,-5.7,-1.1,-8.6,0.0
2021-12-30,16.669999999999998,3,0,12,0,1.2,5.0,-4.1,0.0
2021-12-31,41.238,4,0,12,0,-2.3,1.2,-8.8,9.8
2022-01-01,67.598,5,1,1,1,-13.2,-9.6,-15.5,3.2
2022-01-02,121.854,6,1,1,0,-5.8,4.1,-14.3,0.0
2022-01-03,18.89,0,0,1,0,-1.5,9.1,-8.9,0.0
2022-01-04,83.15,1,0,1,0,1.1,5.8,-5.5,1.2
2022-01-05,107.554,2,0,1,0,-8.8,-2.9,-17.1,11.2
2022-01-06,0.0,3,0,1,0,-16.4,-4.2,-20.4,8.1
2022-01-07,69.514,4,0,1,0,0.9,6.5,-6.6,0.0
2022-01-08,71.41,5,1,1,0,-1.0,6.2,-8.1,0.0
2022-01-09,10.006,6,1,1,0,-7.7,-2.5,-12.4,0.5
2022-01-10,64.726,0,0,1,0,-5.2,6.1,-12.6,0.0
2022-01-11,107.14,1,0,1,0,2.3,6.9,-5.7,0.0
2022-01-12,55.848,2,0,1,0,4.0,8.5,-4.1,0.0
2022-01-13,98.21000000000001,3,0,1,0,3.9,9.7,-2.8,0.0
2022-01-14,16.766,4,0,1,0,-0.1,7.7,-10.9,1.5
2022-01-15,106.59799999999998,5,1,1,0,-4.4,5.4,-15.1,0.0
2022-01-16,48.8,6,1,1,0,1.6,6.1,-4.6,0.0
2022-01-17,17.872,0,0,1,1,3.8,9.6,-2.0,0.0
2022-01-18,88.914,1,0,1,0,4.8,7.1,-4.5,0.0
2022-01-19,34.9,2,0,1,0,-7.4,-2.2,-13.4,1.5
2022-01-20,24.148,3,0,1,0,-7.2,-1.8,-13.4,0.0
2022-01-21,60.778000000000006,4,0,1,0,-2.1,2.5,-6.8,1.7
2022-01-22,45.484,5,1,1,0,-5.2,0.4,-11.4,0.0
2022-01-23,55.76,6,1,1,0,-2.2,7.1,-10.6,0.0
2022-01-24,98.624,0,0,1,0,-0.6,2.8,-5.1,0.0
2022-01-25,66.178,1,0,1,0,-4.7,-0.3,-10.0,7.4
2022-01-26,34.812,2,0,1,0,-5.9,1.2,-16.5,0.0
2022-01-27,126.44200000000001,3,0,1,0,-7.9,-2.5,-15.5,2.9
2022-01-28,98.906,4,0,1,0,-3.3,4.4,-10.1,0.0
2022-01-29,84.12,5,1,1,0,3.0,7.2,-5.6,0.0
2022-01-30,125.68,6,1,1,0,-4.7,7.9,-13.0,0.0
2022-01-31,110.04599999999999,0,0,1,0,-0.1,7.8,-10.4,0.0
2022-02-01,27.438,1,0,2,0,-6.5,-3.8,-10.4,4.3
2022-02-02,0.0,2,0,2,0,-12.6,-7.6,-17.9,7.6
2022-02-03,70.41,3,0,2,0,-17.3,-10.8,-23.5,0.0
2022-02-04,43.292,4,0,2,0,-8.6,1.6,-19.0,0.0
2022-02-05,24.49,5,1,2,0,-1.2,3.6,-8.7,0.0
2022-02-06,4.324,6,1,2,0,-5.8,-1.8,-10.2,0.0
2022-02-07,53.914,0,0,2,0,-1.9,5.8,-9.6,0.0
2022-02-08,143.57,1,0,2,0,0.7,4.3,-4.6,0.0
2022-02-09,79.23,2,0,2,0,1.9,6.2,-4.7,0.0
2022-02-10,103.72800000000001,3,0,2,0,3.5,6.9,-1.5,0.0
2022-02-11,60.928000000000004,4,0,2,0,-2.2,4.3,-5.9,5.6
2022-02-12,152.44,5,1,2,0,-3.6,2.8,-12.8,0.2
2022-02-13,29.072,6,1,2,0,2.6,7.2,-0.8,0.0
2022-02-14,18.756,0,0,2,0,1.9,6.6,-4.8,0.0
2022-02-15,86.606,1,0,2,0,-1.2,8.3,-8.1,0.0
2022-02-16,27.462,2,0,2,0,-4.0,0.6,-7.1,5.5
2022-02-17,56.628,3,0,2,0,-7.0,-3.3,-11.0,1.0
2022-02-18,66.81,4,0,2,0,-3.0,4.2,-9.2,0.0
2022-02-19,27.974,5,1,2,0,-1.3,6.2,-8.8,0.0
2022-02-20,73.922,6,1,2,0,0.3,9.2,-6.5,0.0
2022-02-21,0.0,0,0,2,1,-5.6,3.2,-15.2,0.8
2022-02-22,111.87,1,0,2,0,-20.4,-16.6,-24.1,3.5
2022-02-23,22.967999999999996,2,0,2,0,-20.1,-16.9,-22.5,3.6
2022-02-24,71.348,3,0,2,0,-15.9,-10.9,-21.0,1.5
2022-02-25,9.574,4,0,2,0,-11.5,-8.6,-14.1,0.0
2022-02-26,45.894,5,1,2,0,-9.0,-2.0,-16.7,0.0
2022-02-27,83.04599999999999,6,1,2,0,-4.8,8.6,-15.4,0.0
2022-02-28,24.302,0,0,2,0,2.6,11.3,-7.1,0.0
2022-03-01,51.903999999999996,1,0,3,0,6.5,14.1,-0.6,0.0
2022-03-02,19.71,2,0,3,0,5.2,13.5,-0.2,0.0
2022-03-03,78.706,3,0,3,0,5.1,14.1,-0.8,0.0
2022-03-04,88.15,4,0,3,0,4.0,13.4,-3.0,5.0
2022-03-05,14.267999999999999,5,1,3,0,-2.0,4.8,-4.8,2.5
2022-03-06,36.566,6,1,3,0,-7.3,-5.0,-9.2,4.9
2022-03-07,74.528,0,0,3,0,-9.3,-5.3,-12.6,0.0
2022-03-08,92.32,1,0,3,0,-7.9,0.1,-15.3,0.0
2022-03-09,23.209999999999997,2,0,3,0,-12.1,-8.1,-16.4,3.7
2022-03-10,117.114,3,0,3,0,-17.1,-12.1,-20.4,0.8
2022-03-11,56.995999999999995,4,0,3,0,-11.5,-2.0,-22.0,0.0
2022-03-12,62.056000000000004,5,1,3,0,-1.3,7.9,-11.2,0.0
2022-03-13,48.006,6,1,3,0,2.6,10.8,-6.0,0.0
2022-03-14,27.566,0,0,3,0,1.5,7.8,-3.0,0.0
2022-03-15,161.918,1,0,3,0,5.0,14.9,-3.0,0.0
2022-03-16,14.568000000000001,2,0,3,0,3.8,9.8,0.4,7.5
2022-03-17,30.299999999999997,3,0,3,0,-0.2,2.0,-2.2,6.1
2022-03-18,92.19399999999999,4,0,3,0,-0.5,6.7,-6.4,0.0
2022-03-19,69.632,5,1,3,0,2.5,9.8,-2.1,0.0
2022-03-20,111.894,6,1,3,0,2.8,10.9,-5.5,0.0
2022-03-21,72.09,0,0,3,0,-0.5,3.0,-4.9,2.6
2022-03-22,127.594,1,0,3,0,-1.5,3.8,-8.1,0.0
2022-03-23,14.972,2,0,3,0,0.3,10.1,-7.8,0.0
2022-03-24,116.718,3,0,3,0,6.0,11.6,-2.4,0.0
2022-03-25,59.266,4,0,3,0,4.6,10.6,-1.1,0.0
2022-03-26,174.13,5,1,3,0,7.9,21.5,-0.7,0.0
2022-03-27,121.36800000000001,6,1,3,0,7.2,16.2,-1.3,0.0
2022-03-28,86.12,0,0,3,0,10.5,20.6,1.5,0.0
2022-03-29,137.59199999999998,1,0,3,0,6.5,9.1,2.7,4.2
2022-03-30,63.58,2,0,3,0,2.3,8.9,-2.8,0.0
2022-03-31,145.064,3,0,3,0,6.0,14.4,-1.6,0.0
2022-04-01,141.668,4,0,4,0,6.6,13.4,2.0,0.1
2022-04-02,55.129999999999995,5,1,4,0,6.6,16.5,-1.1,0.0
2022-04-03,83.37,6,1,4,0,5.8,10.2,0.6,0.0
2022-04-04,106.212,0,0,4,0,7.9,18.0,-2.0,0.1
2022-04-05,82.166,1,0,4,0,9.0,13.1,-0.5,1.8
2022-04-06,48.594,2,0,4,0,1.7,6.8,-3.7,0.0
2022-04-07,134.426,3,0,4,0,3.8,12.4,-3.5,0.0
2022-04-08,45.48,4,0,4,0,7.2,17.9,-3.8,0.0
2022-04-09,157.64600000000002,5,1,4,0,13.8,22.3,5.1,0.0
2022-04-10,116.84,6,1,4,0,5.6,9.9,1.5,2.3
2022-04-11,107.054,0,0,4,0,5.2,15.6,-3.2,0.0
2022-04-12,153.374,1,0,4,0,4.8,9.9,-1.5,0.2
2022-04-13,36.403999999999996,2,0,4,0,-1.2,3.7,-9.2,0.5
2022-04-14,157.038,3,0,4,0,4.4,12.2,-3.2,0.1
2022-04-15,179.83800000000002,4,0,4,0,7.1,16.6,0.3,0.0
2022-04-16,23.89,5,1,4,0,3.6,11.4,-4.4,0.0
2022-04-17,146.546,6,1,4,0,9.5,15.6,3.0,0.1
2022-04-18,102.232,0,0,4,0,3.8,12.0,-4.7,0.0
2022-04-19,137.654,1,0,4,0,12.6,24.3,0.9,0.0
2022-04-20,90.722,2,0,4,0,12.1,21.4,5.1,0.0
2022-04-21,69.392,3,0,4,0,12.7,23.0,4.3,0.0
2022-04-22,116.206,4,0,4,0,14.8,26.1,4.8,0.0
2022-04-23,82.384,5,1,4,0,9.0,12.8,5.2,0.5
2022-04-24,93.19399999999999,6,1,4,0,6.0,9.9,3.5,1.7
2022-04-25,104.512,0,0,4,0,5.1,11.4,0.5,0.4
2022-04-26,96.724,1,0,4,0,10.0,21.9,-0.9,0.0
2022-04-27,145.682,2,0,4,0,11.7,21.3,2.5,0.1
2022-04-28,170.846,3,0,4,0,13.7,22.6,5.0,0.0
2022-04-29,55.912,4,0,4,0,9.9,16.0,3.9,0.0
2022-04-30,129.956,5,1,4,0,10.3,16.5,3.8,0.0
2022-05-01,70.09,6,1,5,0,8.7,14.6,2.0,0.4
2022-05-02,61.486,0,0,5,0,3.5,7.2,1.3,6.1
2022-05-03,92.12,1,0,5,0,5.2,13.1,0.1,6.5
2022-05-04,112.24000000000001,2,0,5,0,5.5,9.9,2.3,31.6
2022-05-05,107.76,3,0,5,0,10.7,18.3,3.5,2.1
2022-05-06,110.962,4,0,5,0,16.0,24.2,7.0,0.0
2022-05-07,130.548,5,1,5,0,16.6,27.0,6.3,0.0
2022-05-08,66.444,6,1,5,0,13.5,19.8,7.6,0.1
2022-05-09,101.106,0,0,5,0,11.7,18.8,5.2,2.4
2022-05-10,118.732,1,0,5,0,11.1,18.2,4.0,0.0
2022-05-11,135.964,2,0,5,0,16.6,28.5,5.7,0.0
2022-05-12,137.816,3,0,5,0,13.9,18.2,8.4,0.0
2022-05-13,11.932,4,0,5,0,14.6,21.2,5.7,0.0
2022-05-14,122.446,5,1,5,0,16.4,25.2,6.4,0.0
2022-05-15,120.074,6,1,5,0,15.8,22.6,6.2,0.0
2022-05-16,12.73,0,0,5,0,17.9,27.4,8.2,0.0
2022-05-17,160.6,1,0,5,0,18.5,27.5,9.8,0.1
2022-05-18,103.974,2,0,5,0,18.7,26.7,9.6,0.4
2022-05-19,25.502,3,0,5,0,18.9,28.1,7.8,0.0
2022-05-20,47.5,4,0,5,0,2.5,7.4,-0.9,25.2
2022-05-21,56.582,5,1,5,0,1.1,4.8,-1.3,3.2
2022-05-22,107.67999999999999,6,1,5,0,3.0,9.1,-3.8,0.3
2022-05-23,45.878,0,0,5,0,7.1,12.1,0.9,5.1
2022-05-24,133.49599999999998,1,0,5,0,7.5,10.5,5.3,1.1
2022-05-25,102.598,2,0,5,0,10.7,18.5,3.2,0.0
2022-05-26,43.596000000000004,3,0,5,0,16.0,24.7,6.5,0.0
2022-05-27,62.742000000000004,4,0,5,0,18.5,29.2,7.8,0.0
2022-05-28,120.36,5,1,5,0,18.5,28.8,8.7,0.4
2022-05-29,158.876,6,1,5,0,14.5,21.4,9.6,5.0
2022-05-30,87.91,0,0,5,1,11.9,17.0,7.4,3.1
2022-05-31,110.154,1,0,5,0,9.1,14.8,5.2,13.4
2022-06-01,110.57400000000001,2,0,6,0,7.8,13.1,3.3,6.6
2022-06-02,116.514,3,0,6,0,12.4,18.5,5.5,0.0
2022-06-03,21.728,4,0,6,0,14.6,20.3,7.7,0.0
2022-06-04,97.556,5,1,6,0,17.1,25.5,8.7,0.2
2022-06-05,86.914,6,1,6,0,18.7,26.4,12.1,0.7
2022-06-06,40.164,0,0,6,0,17.3,23.0,11.8,0.2
2022-06-07,159.016,1,0,6,0,16.0,23.5,10.4,1.6
2022-06-08,59.792,2,0,6,0,15.7,22.8,9.9,0.0
2022-06-09,70.4,3,0,6,0,20.4,30.0,10.6,0.0
2022-06-10,117.974,4,0,6,0,22.0,32.7,12.9,0.0
2022-06-11,54.314,5,1,6,0,24.7,33.5,13.6,0.0
2022-06-12,109.35400000000001,6,1,6,0,23.4,29.8,15.2,0.0
2022-06-13,111.046,0,0,6,0,25.1,33.8,14.2,0.0
2022-06-14,158.264,1,0,6,0,19.0,27.1,12.1,0.2
2022-06-15,136.134,2,0,6,0,19.6,29.1,9.2,0.0
2022-06-16,46.94200000000001,3,0,6,0,21.3,30.4,12.1,0.0
2022-06-17,71.862,4,0,6,0,22.8,31.6,15.4,0.1
2022-06-18,68.378,5,1,6,0,23.4,30.0,16.7,0.2
2022-06-19,53.594,6,1,6,1,22.9,30.4,17.2,0.2
2022-06-20,98.67,0,0,6,0,21.4,28.7,13.8,0.0
2022-06-21,84.36,1,0,6,0,18.8,25.8,10.3,0.0
2022-06-22,73.71199999999999,2,0,6,0,19.3,26.5,11.2,0.0
2022-06-23,46.278,3,0,6,0,22.3,29.5,13.0,0.2
2022-06-24,72.322,4,0,6,0,22.7,29.0,15.9,0.8
2022-06-25,71.21199999999999,5,1,6,0,16.8,21.8,12.2,2.4
2022-06-26,118.394,6,1,6,0,15.9,21.1,13.1,1.7
2022-06-27,26.11,0,0,6,0,19.4,26.5,11.9,0.6
2022-06-28,129.14,1,0,6,0,21.9,30.4,12.7,0.0
2022-06-29,80.536,2,0,6,0,24.0,31.6,17.5,1.7
2022-06-30,90.836,3,0,6,0,22.3,27.4,16.8,0.5
2022-07-01,121.016,4,0,7,0,19.1,25.5,13.5,0.0
2022-07-02,100.922,5,1,7,0,21.2,28.2,12.9,0.0
2022-07-03,111.156,6,1,7,0,21.5,28.2,15.0,0.0
2022-07-04,68.97800000000001,0,0,7,1,24.3,31.6,16.0,0.1
2022-07-05,111.68,1,0,7,0,23.2,30.6,16.8,0.1
2022-07-06,110.932,2,0,7,0,19.6,24.0,15.8,2.9
2022-07-07,158.444,3,0,7,0,21.1,29.1,14.1,0.0
2022-07-08,57.926,4,0,7,0,22.2,31.6,13.6,0.0
2022-07-09,95.544,5,1,7,0,25.2,34.0,15.6,0.0
2022-07-10,68.672,6,1,7,0,26.2,35.0,18.5,0.7
2022-07-11,111.504,0,0,7,0,20.2,25.0,15.8,0.2
2022-07-12,134.778,1,0,7,0,22.2,30.9,15.1,0.0
2022-07-13,93.98400000000001,2,0,7,0,24.3,32.8,16.1,0.6
2022-07-14,44.918,3,0,7,0,24.1,32.2,15.9,0.8
2022-07-15,57.736000000000004,4,0,7,0,23.8,32.8,17.1,2.0
2022-07-16,59.152,5,1,7,0,24.3,29.6,17.5,0.4
2022-07-17,83.31,6,1,7,0,25.4,33.7,16.2,0.0
2022-07-18,69.918,0,0,7,0,26.1,33.6,17.2,1.5
2022-07-19,100.224,1,0,7,0,27.0,34.7,21.0,1.7
2022-07-20,154.598,2,0,7,0,23.6,30.0,17.5,0.0
2022-07-21,182.02,3,0,7,0,24.1,32.7,15.1,0.0
2022-07-22,109.05,4,0,7,0,25.4,34.0,16.5,0.0
2022-07-23,162.63,5,1,7,0,24.7,33.7,18.4,5.6
2022-07-24,119.926,6,1,7,0,20.1,26.5,15.8,1.2
2022-07-25,89.58,0,0,7,0,22.4,30.0,14.1,0.0
2022-07-26,135.098,1,0,7,0,21.5,28.4,16.1,6.0
2022-07-27,49.422,2,0,7,0,21.3,29.6,14.1,8.7
2022-07-28,87.928,3,0,7,0,19.0,23.1,15.6,5.1
2022-07-29,51.42,4,0,7,0,20.4,26.1,14.9,0.2
2022-07-30,47.42,5,1,7,0,22.2,30.2,13.6,0.1
2022-07-31,65.532,6,1,7,0,23.4,29.9,16.0,0.1
2022-08-01,121.40799999999999,0,0,8,0,24.4,31.9,16.6,0.0
2022-08-02,198.242,1,0,8,0,25.6,31.9,18.0,0.2
2022-08-03,90.98400000000001,2,0,8,0,22.9,28.5,17.4,1.1
2022-08-04,107.75999999999999,3,0,8,0,24.8,33.4,15.6,0.0
2022-08-05,19.946,4,0,8,0,25.6,34.2,19.0,0.8
2022-08-06,9.46,5,1,8,0,23.2,30.8,17.9,1.3
2022-08-07,51.437999999999995,6,1,8,0,20.6,27.1,17.4,5.0
2022-08-08,58.968,0,0,8,0,21.0,27.5,15.3,0.0
2022-08-09,115.53,1,0,8,0,23.7,31.0,15.9,0.0
2022-08-10,134.89600000000002,2,0,8,0,23.3,31.2,16.2,0.0
2022-08-11,106.126,3,0,8,0,23.8,32.3,16.5,0.0
2022-08-12,113.894,4,0,8,0,23.8,31.1,16.1,0.0
2022-08-13,73.72,5,1,8,0,22.4,29.1,14.9,0.8
2022-08-14,62.284,6,1,8,0,22.1,29.7,17.0,2.2
2022-08-15,63.864,0,0,8,0,19.6,24.4,16.0,6.8
2022-08-16,146.95,1,0,8,0,18.4,22.4,15.9,7.5
2022-08-17,51.304,2,0,8,0,20.0,26.9,13.7,0.0
2022-08-18,55.174,3,0,8,0,21.2,28.9,11.6,0.0
2022-08-19,45.278000000000006,4,0,8,0,20.0,26.1,13.7,0.3
2022-08-20,103.30199999999999,5,1,8,0,17.7,22.0,13.8,6.1
2022-08-21,103.846,6,1,8,0,18.4,23.9,12.9,0.3
2022-08-22,81.61,0,0,8,0,20.3,26.9,13.6,0.0
2022-08-23,135.272,1,0,8,0,20.5,28.0,13.3,0.0
2022-08-24,63.648,2,0,8,0,20.9,28.5,13.7,0.0
2022-08-25,134.516,3,0,8,0,19.8,27.7,14.4,2.2
2022-08-26,87.568,4,0,8,0,20.7,28.0,15.1,0.8
2022-08-27,48.522,5,1,8,0,22.2,29.6,15.9,0.0
2022-08-28,19.972,6,1,8,0,24.3,30.5,20.6,0.3
2022-08-29,117.822,0,0,8,0,21.8,28.5,14.2,0.0
2022-08-30,47.45,1,0,8,0,22.2,30.1,14.5,0.0
2022-08-31,90.49000000000001,2,0,8,0,22.6,31.2,15.6,0.0
2022-09-01,99.772,3,0,9,0,22.5,31.8,13.4,0.0
2022-09-02,132.0,4,0,9,0,23.7,31.8,15.1,0.0
2022-09-03,148.65,5,1,9,0,21.6,29.2,13.4,0.0
2022-09-04,55.438,6,1,9,0,22.7,32.0,13.9,0.0
2022-09-05,69.47,0,0,9,1,24.4,33.5,16.5,0.0
2022-09-06,60.176,1,0,9,0,24.7,33.8,15.6,0.0
2022-09-07,59.288000000000004,2,0,9,0,24.4,33.9,17.0,0.0
2022-09-08,127.728,3,0,9,0,25.0,34.6,16.9,0.0
2022-09-09,64.854,4,0,9,0,14.3,20.3,10.4,1.3
2022-09-10,80.20400000000001,5,1,9,0,9.5,10.9,7.3,1.7
2022-09-11,192.63,6,1,9,0,12.7,22.2,4.9,0.0
2022-09-12,146.522,0,0,9,0,17.9,28.2,8.7,0.0
2022-09-13,91.91,1,0,9,0,18.7,28.5,10.4,0.0
2022-09-14,129.84,2,0,9,0,18.5,25.2,14.2,2.2
2022-09-15,125.324,3,0,9,0,16.1,21.6,11.4,1.1
2022-09-16,28.822000000000003,4,0,9,0,16.5,25.0,9.7,0.1
2022-09-17,120.508,5,1,9,0,16.3,23.4,9.6,0.3
2022-09-18,91.25,6,1,9,0,17.9,26.1,9.4,0.0
2022-09-19,102.858,0,0,9,0,20.0,30.0,9.4,0.0
2022-09-20,68.452,1,0,9,0,21.6,30.3,13.1,0.0
2022-09-21,180.644,2,0,9,0,14.3,22.6,9.4,5.9
2022-09-22,125.934,3,0,9,0,9.9,14.4,6.8,5.3
2022-09-23,76.084,4,0,9,0,16.1,24.5,8.6,0.0
2022-09-24,172.922,5,1,9,0,15.2,24.5,7.6,0.0
2022-09-25,88.094,6,1,9,0,13.8,20.8,7.7,0.0
2022-09-26,84.9,0,0,9,0,16.4,24.9,7.4,0.0
2022-09-27,94.098,1,0,9,0,15.7,23.2,9.9,0.0
2022-09-28,42.370000000000005,2,0,9,0,17.0,28.0,8.2,0.0
2022-09-29,102.64,3,0,9,0,18.7,26.8,12.3,0.0
2022-09-30,148.814,4,0,9,0,14.9,22.9,8.9,4.5
2022-10-01,143.368,5,1,10,0,13.4,18.9,8.6,7.4
2022-10-02,168.862,6,1,10,0,13.2,21.2,8.3,1.4
2022-10-03,93.644,0,0,10,0,14.0,20.4,8.6,2.0
2022-10-04,195.89000000000001,1,0,10,0,10.8,16.6,5.9,1.4
2022-10-05,46.788,2,0,10,0,11.6,17.9,6.4,0.0
2022-10-06,148.178,3,0,10,0,12.4,20.1,5.3,0.2
2022-10-07,110.44,4,0,10,0,7.0,10.9,4.1,1.6
2022-10-08,131.21800000000002,5,1,10,0,8.9,15.9,3.8,0.0
2022-10-09,18.73,6,1,10,0,11.2,19.7,4.2,0.0
2022-10-10,178.174,0,0,10,1,13.2,22.0,4.9,0.0
2022-10-11,121.06,1,0,10,0,14.6,22.4,7.2,0.2
2022-10-12,130.16,2,0,10,0,10.6,18.6,4.1,0.0
2022-10-13,119.764,3,0,10,0,9.2,16.9,2.5,0.0
2022-10-14,100.226,4,0,10,0,14.7,23.5,7.0,0.0
2022-10-15,175.16,5,1,10,0,11.3,15.2,5.8,0.0
2022-10-16,247.368,6,1,10,0,9.0,13.1,5.6,0.1
2022-10-17,84.462,0,0,10,0,9.5,15.4,2.5,0.0
2022-10-18,145.722,1,0,10,0,9.8,17.9,1.8,0.0
2022-10-19,101.16399999999999,2,0,10,0,13.3,23.0,3.8,0.0
2022-10-20,101.78599999999999,3,0,10,0,14.3,25.1,4.0,0.0
2022-10-21,106.21000000000001,4,0,10,0,15.7,23.2,8.6,0.0
2022-10-22,121.936,5,1,10,0,14.3,22.8,8.3,0.0
2022-10-23,99.72399999999999,6,1,10,0,9.0,17.8,3.8,11.2
2022-10-24,126.144,0,0,10,0,4.8,9.9,0.3,0.0
2022-10-25,140.968,1,0,10,0,7.9,13.4,0.8,0.7
2022-10-26,99.02799999999999,2,0,10,0,6.3,11.3,3.0,0.7
2022-10-27,235.412,3,0,10,0,3.6,10.3,-2.3,3.6
2022-10-28,39.476,4,0,10,0,2.3,11.8,-4.9,0.0
2022-10-29,78.086,5,1,10,0,5.0,14.1,-2.9,0.0
2022-10-30,90.984,6,1,10,0,5.9,12.8,-0.2,0.0
2022-10-31,238.95600000000002,0,0,10,0,9.4,17.3,2.5,0.0
2022-11-01,88.694,1,0,11,0,10.0,19.2,2.0,0.0
2022-11-02,83.412,2,0,11,0,10.3,19.2,3.9,0.0
2022-11-03,143.69799999999998,3,0,11,0,2.1,5.6,-3.0,6.8
2022-11-04,113.924,4,0,11,0,-0.0,6.6,-5.9,0.8
2022-11-05,197.0,5,1,11,0,6.7,11.4,1.9,0.0
2022-11-06,152.36599999999999,6,1,11,0,5.2,9.2,1.5,0.2
2022-11-07,77.65,0,0,11,0,2.2,9.9,-3.4,0.0
2022-11-08,151.174,1,0,11,0,6.5,17.1,0.4,0.0
2022-11-09,39.46,2,0,11,0,4.6,13.2,-1.9,0.4
2022-11-10,150.914,3,0,11,0,2.3,7.4,-4.4,0.1
2022-11-11,87.768,4,0,11,1,-3.0,1.6,-6.8,0.0
2022-11-12,106.668,5,1,11,0,-1.3,4.1,-6.8,0.0
2022-11-13,136.018,6,1,11,0,0.8,6.9,-4.8,0.1
2022-11-14,109.444,0,0,11,0,-2.8,0.3,-6.8,1.5
2022-11-15,196.276,1,0,11,0,-5.4,-0.8,-10.9,4.4
2022-11-16,64.81,2,0,11,0,-3.8,2.4,-10.7,0.0
2022-11-17,138.178,3,0,11,0,-7.0,-2.5,-10.6,3.0
2022-11-18,172.69,4,0,11,0,-12.0,-9.4,-14.6,2.9
2022-11-19,38.738,5,1,11,0,-9.0,1.2,-17.5,0.0
2022-11-20,308.514,6,1,11,0,0.0,7.8,-7.5,0.0
2022-11-21,109.482,0,0,11,0,-3.8,4.1,-8.9,0.0
2022-11-22,163.286,1,0,11,0,-1.8,6.2,-9.1,0.0
2022-11-23,53.489999999999995,2,0,11,0,0.9,6.7,-6.9,0.0
2022-11-24,199.028,3,0,11,1,-4.0,2.5,-8.9,0.0
2022-11-25,128.076,4,0,11,0,0.7,11.1,-9.0,0.0
2022-11-26,207.97000000000003,5,1,11,0,2.7,10.2,-3.0,0.0
2022-11-27,291.89599999999996,6,1,11,0,1.3,6.7,-3.0,0.5
2022-11-28,123.13600000000001,0,0,11,0,2.3,7.1,-2.8,0.7
2022-11-29,131.754,1,0,11,0,-8.5,-3.8,-16.0,6.5
2022-11-30,281.764,2,0,11,0,-10.4,-4.8,-15.3,0.0
2022-12-01,275.774,3,0,12,0,0.4,9.4,-6.7,0.0
2022-12-02,124.00999999999999,4,0,12,0,3.4,9.6,-10.1,0.5
2022-12-03,184.29999999999998,5,1,12,0,-0.2,8.8,-10.8,0.0
2022-12-04,109.716,6,1,12,0,3.3,8.8,-2.7,0.0
2022-12-05,110.608,0,0,12,0,5.3,8.2,0.2,0.0
2022-12-06,98.506,1,0,12,0,3.3,9.4,-2.2,0.0
2022-12-07,158.316,2,0,12,0,1.1,6.7,-4.6,0.0
2022-12-08,259.19,3,0,12,0,0.3,3.5,-3.9,0.0
2022-12-09,95.02,4,0,12,0,-1.1,5.6,-6.6,0.0
2022-12-10,154.626,5,1,12,0,-0.3,7.1,-5.4,0.0
2022-12-11,170.73399999999998,6,1,12,0,3.2,12.6,-3.1,0.0
2022-12-12,101.52,0,0,12,0,1.4,9.5,-3.7,0.5
2022-12-13,153.18,1,0,12,0,-4.5,-2.4,-6.1,3.6
2022-12-14,262.926,2,0,12,0,-2.6,1.4,-5.8,0.0
2022-12-15,181.448,3,0,12,0,-4.5,-0.9,-8.6,0.0
2022-12-16,93.086,4,0,12,0,-6.2,-2.0,-9.3,0.0
2022-12-17,107.282,5,1,12,0,-4.0,1.9,-8.4,0.0
2022-12-18,310.032,6,1,12,0,-2.9,2.8,-5.8,0.0
2022-12-19,104.552,0,0,12,0,-1.4,4.8,-7.4,0.0
2022-12-20,53.206,1,0,12,0,-0.2,7.4,-6.4,0.0
2022-12-21,124.53399999999999,2,0,12,0,-3.5,7.7,-20.6,8.3
2022-12-22,88.28599999999999,3,0,12,0,-24.7,-21.0,-28.9,3.4
2022-12-23,5.898,4,0,12,0,-24.1,-18.4,-29.0,0.0
2022-12-24,43.232,5,1,12,0,-0.3,5.4,-15.4,0.0
2022-12-25,138.7,6,1,12,1,4.1,8.4,0.1,0.0
2022-12-26,103.51,0,0,12,0,3.6,9.4,-3.2,0.0
2022-12-27,24.964000000000002,1,0,12,0,8.5,15.8,2.0,0.2
2022-12-28,104.4,2,0,12,0,4.9,10.1,-0.7,17.9
2022-12-29,209.274,3,0,12,0,-3.6,-0.4,-9.8,7.7
2022-12-30,173.72199999999998,4,0,12,0,-5.3,-0.5,-12.6,0.0
2022-12-31,57.162,5,1,12,0,2.3,8.2,-3.0,0.5
2023-01-01,121.468,6,1,1,1,-1.4,3.7,-4.8,0.1
2023-01-02,220.374,0,0,1,0,-4.2,-3.2,-5.8,3.2
2023-01-03,115.57,1,0,1,0,-6.4,-3.9,-10.5,0.0
2023-01-04,150.616,2,0,1,0,-3.8,-1.0,-7.8,0.0
2023-01-05,291.052,3,0,1,0,-4.9,-1.4,-8.7,0.0
2023-01-06,72.288,4,0,1,0,-2.8,4.2,-10.7,0.0
2023-01-07,49.35,5,1,1,0,0.7,3.0,-1.5,0.0
2023-01-08,162.34,6,1,1,0,-0.9,6.3,-8.9,0.0
2023-01-09,245.132,0,0,1,0,0.1,5.6,-5.7,0.0
2023-01-10,54.462,1,0,1,0,3.5,8.1,-2.2,0.0
2023-01-11,192.39800000000002,2,0,1,0,-0.5,5.0,-4.0,2.1
2023-01-12,79.416,3,0,1,0,-0.0,3.7,-5.6,0.0
2023-01-13,165.582,4,0,1,0,2.3,5.7,-1.9,0.0
2023-01-14,53.36,5,1,1,0,4.5,14.6,-2.2,0.0
2023-01-15,95.80000000000001,6,1,1,0,0.7,4.5,-3.2,2.2
2023-01-16,186.43,0,0,1,1,-0.8,4.2,-6.2,0.0
2023-01-17,219.87399999999997,1,0,1,0,-3.0,0.9,-8.9,2.8
2023-01-18,36.182,2,0,1,0,-4.2,-2.1,-7.4,13.7
2023-01-19,130.77,3,0,1,0,-4.6,-1.0,-9.8,0.0
2023-01-20,175.894,4,0,1,0,-5.2,-3.4,-7.1,0.1
2023-01-21,198.652,5,1,1,0,-7.0,-3.8,-11.8,0.2
2023-01-22,122.47399999999999,6,1,1,0,-5.3,-1.9,-10.4,0.0
2023-01-23,201.93,0,0,1,0,-5.1,-2.5,-10.9,0.5
2023-01-24,168.8,1,0,1,0,-7.0,-2.9,-11.8,0.0
2023-01-25,226.13000000000002,2,0,1,0,-6.5,-2.9,-11.4,0.9
2023-01-26,40.862,3,0,1,0,-4.9,-0.6,-11.9,0.0
2023-01-27,110.372,4,0,1,0,-0.2,2.4,-4.0,0.6
2023-01-28,159.018,5,1,1,0,-5.6,1.2,-12.9,1.7
2023-01-29,137.54000000000002,6,1,1,0,-20.0,-13.7,-23.5,2.5
2023-01-30,11.15,0,0,1,0,-21.5,-16.9,-25.9,0.8
2023-01-31,82.204,1,0,1,0,-13.4,-6.8,-21.5,0.0
2023-02-01,212.06799999999998,2,0,2,0,-3.2,1.0,-7.4,0.0
2023-02-02,55.236000000000004,3,0,2,0,-2.1,2.5,-10.1,0.0
2023-02-03,153.858,4,0,2,0,2.1,9.0,-5.6,0.0
2023-02-04,13.626000000000001,5,1,2,0,1.6,6.8,-3.8,0.0
2023-02-05,129.546,6,1,2,0,-0.7,3.2,-8.2,0.0
2023-02-06,94.4,0,0,2,0,-2.0,2.2,-7.3,0.0
2023-02-07,258.494,1,0,2,0,-3.1,3.1,-9.0,0.0
2023-02-08,109.42999999999999,2,0,2,0,-2.6,4.6,-10.6,0.8
2023-02-09,135.386,3,0,2,0,-6.4,-1.2,-13.4,0.4
2023-02-10,116.632,4,0,2,0,-7.3,2.3,-17.0,0.0
2023-02-11,67.394,5,1,2,0,-0.8,9.6,-9.1,0.0
2023-02-12,164.264,6,1,2,0,1.0,7.0,-3.8,0.0
2023-02-13,73.584,0,0,2,0,2.6,10.2,-5.5,0.0
2023-02-14,107.89,1,0,2,0,1.5,6.7,-4.8,0.4
2023-02-15,185.066,2,0,2,0,-9.9,-5.5,-14.1,7.1
2023-02-16,168.83,3,0,2,0,-11.0,-2.5,-20.2,0.3
2023-02-17,117.13999999999999,4,0,2,0,-2.9,10.4,-14.9,0.0
2023-02-18,81.278,5,1,2,0,0.2,9.3,-5.8,0.0
2023-02-19,92.4,6,1,2,0,0.1,7.1,-8.4,0.3
2023-02-20,146.228,0,0,2,1,3.3,8.1,-2.8,0.0
2023-02-21,100.79,1,0,2,0,5.2,12.6,-1.0,0.2
2023-02-22,137.066,2,0,2,0,-13.4,1.7,-24.5,14.3
2023-02-23,99.606,3,0,2,0,-22.5,-14.6,-27.5,0.8
2023-02-24,57.164,4,0,2,0,-11.0,1.8,-19.8,0.0
2023-02-25,220.746,5,1,2,0,-1.9,9.6,-10.1,0.0
2023-02-26,77.87799999999999,6,1,2,0,-0.1,8.9,-9.3,0.0
2023-02-27,103.374,0,0,2,0,2.6,9.1,-4.7,0.0
2023-02-28,80.354,1,0,2,0,0.1,7.2,-7.2,0.0
2023-03-01,114.95400000000001,2,0,3,0,-4.0,-0.2,-8.7,0.9
2023-03-02,133.30599999999998,3,0,3,0,-1.9,6.4,-8.3,0.1
2023-03-03,106.55,4,0,3,0,0.9,6.8,-3.5,0.1
2023-03-04,143.34199999999998,5,1,3,0,-1.6,5.2,-4.3,0.0
2023-03-05,111.512,6,1,3,0,0.9,11.1,-7.1,0.3
2023-03-06,77.764,0,0,3,0,-0.8,5.1,-6.2,0.0
2023-03-07,176.208,1,0,3,0,-2.4,1.5,-5.1,0.0
2023-03-08,100.61,2,0,3,0,-1.6,3.5,-5.1,1.1
2023-03-09,132.86,3,0,3,0,1.1,8.9,-5.6,0.5
2023-03-10,68.196,4,0,3,0,3.0,13.6,-5.6,0.3
2023-03-11,175.38400000000001,5,1,3,0,6.1,11.1,1.0,0.8
2023-03-12,105.656,6,1,3,0,-2.6,1.9,-6.2,0.0
2023-03-13,61.25,0,0,3,0,0.6,8.5,-5.5,0.0
2023-03-14,83.712,1,0,3,0,5.6,14.4,-2.5,0.0
2023-03-15,133.632,2,0,3,0,9.0,17.4,0.8,0.5
2023-03-16,196.704,3,0,3,0,-0.6,4.8,-3.7,5.0
2023-03-17,120.434,4,0,3,0,-3.6,1.6,-10.6,0.0
2023-03-18,111.268,5,1,3,0,-2.8,4.1,-10.5,0.0
2023-03-19,78.144,6,1,3,0,-0.1,9.9,-11.0,0.0
2023-03-20,189.114,0,0,3,0,3.1,9.8,-1.5,0.0
2023-03-21,112.896,1,0,3,0,4.2,12.1,-3.2,0.4
2023-03-22,152.0,2,0,3,0,0.4,4.1,-4.6,12.4
2023-03-23,134.60999999999999,3,0,3,0,-0.7,3.4,-7.2,2.9
2023-03-24,54.414,4,0,3,0,-1.5,5.7,-8.6,0.1
2023-03-25,94.40799999999999,5,1,3,0,-4.7,-0.5,-13.2,5.9
2023-03-26,82.75999999999999,6,1,3,0,-5.5,0.9,-12.6,0.6
2023-03-27,115.184,0,0,3,0,-6.3,0.4,-15.2,3.4
2023-03-28,66.344,1,0,3,0,-5.7,2.0,-18.2,0.0
2023-03-29,51.226,2,0,3,0,-2.3,4.8,-8.4,0.0
2023-03-30,41.192,3,0,3,0,2.6,14.2,-6.7,0.9
2023-03-31,189.448,4,0,3,0,3.4,7.5,-1.3,0.3
2023-04-01,108.288,5,1,4,0,6.5,15.3,-2.0,0.0
2023-04-02,203.85399999999998,6,1,4,0,8.4,16.7,-0.1,0.0
2023-04-03,125.292,0,0,4,0,5.3,11.5,0.6,0.1
2023-04-04,237.534,1,0,4,0,-3.2,2.6,-8.2,5.6
2023-04-05,227.46,2,0,4,0,-5.3,1.4,-12.9,1.3
2023-04-06,47.74,3,0,4,0,-2.9,7.3,-12.9,0.0
2023-04-07,93.154,4,0,4,0,3.6,14.9,-6.3,0.0
2023-04-08,105.926,5,1,4,0,7.1,16.4,-2.0,0.0
2023-04-09,115.41,6,1,4,0,8.7,17.0,-0.2,0.0
2023-04-10,66.122,0,0,4,0,9.8,20.7,0.3,0.0
2023-04-11,109.142,1,0,4,0,13.6,26.3,3.0,0.0
2023-04-12,109.026,2,0,4,0,16.4,25.4,6.7,0.8
2023-04-13,120.858,3,0,4,0,15.1,22.5,9.5,0.0
2023-04-14,23.354,4,0,4,0,3.2,9.6,0.3,8.7
2023-04-15,103.794,5,1,4,0,2.8,9.8,-2.6,0.5
2023-04-16,185.41,6,1,4,0,4.6,14.4,-4.3,0.0
2023-04-17,106.0,0,0,4,0,10.5,19.6,0.6,0.0
2023-04-18,94.47999999999999,1,0,4,0,11.1,21.9,-0.1,0.0
2023-04-19,176.74200000000002,2,0,4,0,6.3,13.8,-1.6,1.7
2023-04-20,198.59,3,0,4,0,1.7,7.3,-4.6,0.1
2023-04-21,145.638,4,0,4,0,2.2,8.9,-4.2,2.9
2023-04-22,52.252,5,1,4,0,-1.3,1.5,-4.4,3.2
2023-04-23,134.05,6,1,4,0,2.4,10.6,-5.4,0.0
2023-04-24,130.024,0,0,4,0,6.7,15.9,-2.2,0.4
2023-04-25,189.12800000000001,1,0,4,0,6.4,12.9,2.2,13.5
2023-04-26,126.95,2,0,4,0,6.9,12.4,2.2,9.1
2023-04-27,117.28200000000001,3,0,4,0,9.8,18.0,2.0,3.3
2023-04-28,135.43,4,0,4,0,6.3,13.1,0.4,0.3
2023-04-29,131.07,5,1,4,0,12.0,20.1,4.4,0.0
2023-04-30,129.09,6,1,4,0,10.7,17.4,4.4,0.0
2023-05-01,115.788,0,0,5,0,11.8,20.4,4.4,0.0
2023-05-02,222.726,1,0,5,0,10.7,17.8,5.2,4.0
2023-05-03,101.852,2,0,5,0,15.0,24.4,4.9,0.0
2023-05-04,91.342,3,0,5,0,13.1,19.8,7.2,1.2
2023-05-05,164.416,4,0,5,0,13.0,21.0,4.1,0.5
2023-05-06,166.15,5,1,5,0,11.6,20.0,1.6,0.6
2023-05-07,42.129999999999995,6,1,5,0,11.4,18.0,5.2,4.5
2023-05-08,65.96000000000001,0,0,5,0,11.9,20.4,3.8,0.0
2023-05-09,176.72799999999998,1,0,5,0,12.9,20.7,5.4,5.7
2023-05-10,167.31199999999998,2,0,5,0,11.3,16.6,8.0,20.6
2023-05-11,124.55199999999999,3,0,5,0,9.3,11.4,7.1,35.9
2023-05-12,56.606,4,0,5,0,10.5,14.1,6.9,16.0
2023-05-13,172.51999999999998,5,1,5,0,11.2,15.1,6.3,1.6
2023-05-14,154.63400000000001,6,1,5,0,10.5,15.2,8.3,9.6
2023-05-15,100.982,0,0,5,0,10.7,15.4,7.6,5.5
2023-05-16,139.792,1,0,5,0,15.1,22.0,7.1,1.0
2023-05-17,42.92,2,0,5,0,15.1,21.2,7.6,2.9
2023-05-18,267.06,3,0,5,0,11.7,17.5,6.8,16.3
2023-05-19,173.102,4,0,5,0,11.2,14.8,9.1,1.5
2023-05-20,64.548,5,1,5,0,12.7,18.3,7.8,1.4
2023-05-21,122.736,6,1,5,0,15.4,22.4,7.8,0.0
2023-05-22,133.27800000000002,0,0,5,0,15.8,23.0,6.9,0.0
2023-05-23,112.186,1,0,5,0,15.8,23.4,7.7,0.0
2023-05-24,118.50800000000001,2,0,5,0,14.0,18.5,8.9,1.8
2023-05-25,96.704,3,0,5,0,14.6,21.0,7.9,2.6
2023-05-26,182.48399999999998,4,0,5,0,14.0,20.0,8.4,4.7
2023-05-27,107.81,5,1,5,0,14.4,22.9,6.9,5.3
2023-05-28,144.84199999999998,6,1,5,0,14.6,23.3,5.9,0.2
2023-05-29,198.18,0,0,5,1,16.0,23.6,8.1,0.2
2023-05-30,141.184,1,0,5,0,16.6,25.1,9.8,0.0
2023-05-31,157.798,2,0,5,0,16.1,24.0,8.2,9.1
2023-06-01,61.804,3,0,6,0,14.6,19.8,10.4,5.4
2023-06-02,43.528999999999996,4,0,6,0,14.5,19.5,9.9,7.7
2023-06-03,89.68599999999999,5,1,6,0,12.2,14.8,9.6,6.9
2023-06-04,45.982,6,1,6,0,12.9,16.0,10.9,34.4
2023-06-05,133.101,0,0,6,0,14.1,19.3,10.4,2.1
2023-06-06,43.739,1,0,6,0,15.0,21.4,9.4,2.1
2023-06-07,74.241,2,0,6,0,15.4,20.5,9.8,4.9
2023-06-08,82.44,3,0,6,0,16.3,21.8,10.1,0.0
2023-06-09,33.483,4,0,6,0,16.6,23.9,10.0,0.1
2023-06-10,79.87700000000001,5,1,6,0,15.1,20.1,9.0,0.0
2023-06-11,59.711,6,1,6,0,12.8,16.8,8.4,8.7
2023-06-12,71.671,0,0,6,0,12.5,15.8,9.6,6.4
2023-06-13,100.238,1,0,6,0,12.4,17.8,9.1,2.8
2023-06-14,55.773,2,0,6,0,15.7,22.0,8.8,0.0
2023-06-15,56.528,3,0,6,0,14.8,19.4,9.9,8.7
2023-06-16,61.468,4,0,6,0,12.5,15.1,9.2,5.9
2023-06-17,34.909,5,1,6,0,13.2,18.0,6.8,0.0
2023-06-18,18.877000000000002,6,1,6,0,18.0,26.2,9.1,0.1
2023-06-19,55.601,0,0,6,1,19.9,29.4,8.4,0.0
2023-06-20,56.004000000000005,1,0,6,0,19.9,27.6,11.4,0.0
2023-06-21,91.516,2,0,6,0,17.6,24.5,12.1,7.9
2023-06-22,59.78,3,0,6,0,17.1,23.6,11.9,6.7
2023-06-23,77.588,4,0,6,0,18.0,25.1,11.8,0.1
2023-06-24,37.155,5,1,6,0,19.6,27.5,10.6,0.0
2023-06-25,54.516,6,1,6,0,17.2,23.3,12.0,0.0
2023-06-26,85.869,0,0,6,0,19.3,27.9,11.4,0.0
2023-06-27,74.167,1,0,6,0,21.6,32.5,11.1,0.0
2023-06-28,70.169,2,0,6,0,20.0,26.0,13.1,0.0
2023-06-29,103.475,3,0,6,0,18.7,24.5,13.4,2.9
2023-06-30,49.992000000000004,4,0,6,0,15.8,19.1,10.8,3.2
2023-07-01,53.0,5,1,7,0,18.0,25.5,9.8,0.0
2023-07-02,63.046,6,1,7,0,20.5,28.0,11.6,0.0
2023-07-03,37.153999999999996,0,0,7,0,22.0,30.6,12.3,0.0
2023-07-04,67.361,1,0,7,1,19.6,26.0,14.2,5.8
2023-07-05,53.896,2,0,7,0,14.9,20.1,12.1,2.2
2023-07-06,27.727999999999998,3,0,7,0,16.8,22.8,12.3,1.0
2023-07-07,101.142,4,0,7,0,16.5,21.7,10.8,7.2
2023-07-08,42.344,5,1,7,0,18.0,22.5,13.5,0.0
2023-07-09,26.570999999999998,6,1,7,0,18.5,24.7,12.8,0.1
2023-07-10,126.22900000000001,0,0,7,0,22.8,32.9,13.5,0.1
2023-07-11,33.21,1,0,7,0,24.6,35.0,13.6,0.0
2023-07-12,63.28,2,0,7,0,23.9,31.6,14.1,0.0
2023-07-13,122.92800000000001,3,0,7,0,24.6,32.5,15.1,0.0
2023-07-14,45.702999999999996,4,0,7,0,21.4,27.1,14.1,0.0
2023-07-15,10.626,5,1,7,0,20.3,25.0,14.6,0.0
2023-07-16,92.514,6,1,7,0,22.2,30.0,12.6,0.0
2023-07-17,69.393,0,0,7,0,25.5,34.8,14.9,0.0
2023-07-18,57.614000000000004,1,0,7,0,25.7,34.7,17.2,0.3
2023-07-19,56.601,2,0,7,0,23.2,31.5,17.2,1.2
2023-07-20,57.964,3,0,7,0,19.0,24.8,15.0,12.6
2023-07-21,45.22,4,0,7,0,18.9,26.1,11.9,0.4
2023-07-22,81.11500000000001,5,1,7,0,21.5,30.1,12.4,0.0
2023-07-23,56.693,6,1,7,0,23.9,34.6,13.8,0.0
2023-07-24,59.729,0,0,7,0,24.6,33.2,16.7,0.0
2023-07-25,41.761,1,0,7,0,26.0,34.5,16.9,0.0
2023-07-26,91.232,2,0,7,0,23.8,31.5,16.2,0.8
2023-07-27,40.763999999999996,3,0,7,0,24.1,33.2,14.4,0.0
2023-07-28,18.820999999999998,4,0,7,0,23.0,31.4,15.6,2.1
2023-07-29,44.012,5,1,7,0,21.7,29.5,15.6,0.7
2023-07-30,63.872,6,1,7,0,23.9,32.0,15.9,0.3
2023-07-31,55.795,0,0,7,0,22.5,29.2,18.4,10.6
2023-08-01,52.943,1,0,8,0,20.4,27.2,16.0,5.0
2023-08-02,75.992,2,0,8,0,20.7,26.6,14.8,2.8
2023-08-03,72.098,3,0,8,0,20.1,26.2,15.0,0.0
2023-08-04,68.72,4,0,8,0,20.2,28.5,12.4,1.1
2023-08-05,84.74199999999999,5,1,8,0,19.5,25.2,13.2,2.7
2023-08-06,45.804,6,1,8,0,15.6,19.8,11.6,1.5
2023-08-07,83.884,0,0,8,0,16.8,23.9,10.0,0.0
2023-08-08,103.28299999999999,1,0,8,0,17.7,24.6,11.2,1.5
2023-08-09,51.713,2,0,8,0,17.8,24.6,9.3,0.0
2023-08-10,113.237,3,0,8,0,21.3,30.2,11.6,0.0
2023-08-11,65.814,4,0,8,0,22.6,30.7,15.1,0.0
2023-08-12,71.957,5,1,8,0,22.6,28.7,16.5,0.0
2023-08-13,87.24,6,1,8,0,18.1,22.0,14.6,0.0
2023-08-14,2.711,0,0,8,0,18.3,23.6,12.2,0.0
2023-08-15,0.0,1,0,8,0,20.9,30.1,12.2,0.0
2023-08-16,0.0,2,0,8,0,23.9,32.8,14.7,0.0
2023-08-17,138.858,3,0,8,0,23.1,30.5,16.6,0.0
2023-08-18,16.767,4,0,8,0,24.3,33.7,18.0,0.4
2023-08-19,123.124,5,1,8,0,23.5,30.6,16.9,0.1
2023-08-20,65.047,6,1,8,0,22.7,33.2,15.6,0.0
2023-08-21,61.938,0,0,8,0,24.2,34.7,14.9,0.0
2023-08-22,78.57000000000001,1,0,8,0,24.7,33.5,17.2,0.0
2023-08-23,64.558,2,0,8,0,24.5,32.7,16.4,0.0
2023-08-24,40.185,3,0,8,0,23.9,30.4,18.1,0.2
2023-08-25,89.267,4,0,8,0,18.1,22.1,15.2,21.7
2023-08-26,105.68,5,1,8,0,17.6,22.3,13.7,2.0
2023-08-27,41.734,6,1,8,0,19.2,25.8,13.1,2.5
2023-08-28,95.14099999999999,0,0,8,0,17.0,22.0,12.9,2.6
2023-08-29,38.532,1,0,8,0,18.1,25.7,10.9,0.0
2023-08-30,10.166,2,0,8,0,20.3,30.2,12.3,0.0
2023-08-31,63.818,3,0,8,0,22.0,32.5,12.0,0.0
2023-09-01,50.998000000000005,4,0,9,0,23.0,34.2,13.4,0.0
2023-09-02,52.642,5,1,9,0,22.7,31.1,15.9,0.0
2023-09-03,126.142,6,1,9,0,21.4,29.7,15.2,0.5
2023-09-04,37.444,0,0,9,1,20.5,30.2,11.9,0.0
2023-09-05,124.378,1,0,9,0,18.1,24.0,11.8,0.0
2023-09-06,17.671999999999997,2,0,9,0,18.0,27.2,10.2,0.0
2023-09-07,52.829,3,0,9,0,19.7,30.2,9.7,0.0
2023-09-08,12.078000000000001,4,0,9,0,19.2,29.4,11.4,0.0
2023-09-09,0.0,5,1,9,0,19.3,27.3,10.9,0.0
2023-09-10,93.186,6,1,9,0,15.0,20.0,12.7,17.6
2023-09-11,57.5,0,0,9,0,14.1,18.5,10.8,2.3
2023-09-12,66.611,1,0,9,0,14.1,21.0,8.6,0.2
2023-09-13,11.593,2,0,9,0,15.5,23.6,8.8,0.0
2023-09-14,34.808,3,0,9,0,14.1,19.4,9.5,6.7
2023-09-15,33.149,4,0,9,0,12.9,17.2,7.9,2.7
2023-09-16,18.3,5,1,9,0,13.4,21.7,5.7,0.0
2023-09-17,41.206,6,1,9,0,15.9,25.0,7.8,0.0
2023-09-18,49.171,0,0,9,0,18.1,27.1,10.9,0.0
2023-09-19,45.195,1,0,9,0,16.9,24.2,11.9,1.6
2023-09-20,26.614,2,0,9,0,15.6,24.3,8.1,0.0
2023-09-21,75.30000000000001,3,0,9,0,15.5,23.0,9.2,0.0
2023-09-22,23.833,4,0,9,0,15.5,23.6,8.7,0.0
2023-09-23,86.84,5,1,9,0,14.7,22.1,6.8,0.0
2023-09-24,45.085,6,1,9,0,12.9,22.5,4.8,0.0
2023-09-25,95.828,0,0,9,0,15.3,25.0,6.9,0.0
2023-09-26,70.922,1,0,9,0,16.0,25.1,7.9,0.0
2023-09-27,57.151,2,0,9,0,17.8,28.5,8.9,0.0
2023-09-28,25.458,3,0,9,0,18.5,29.5,8.9,0.0
2023-09-29,17.999,4,0,9,0,17.3,26.2,9.4,0.0
2023-09-30,97.31400000000001,5,1,9,0,17.2,26.6,8.5,0.1
2023-10-01,31.887999999999998,6,1,10,0,20.6,28.5,13.2,0.0
2023-10-02,96.819,0,0,10,0,17.4,26.4,12.3,1.5
2023-10-03,45.499,1,0,10,0,12.7,19.3,6.4,0.0
2023-10-04,67.52600000000001,2,0,10,0,13.2,21.0,7.4,0.0
2023-10-05,40.423,3,0,10,0,11.6,18.2,5.1,0.0
2023-10-06,42.007,4,0,10,0,8.2,11.8,5.3,0.0
2023-10-07,15.606,5,1,10,0,11.1,19.4,2.7,0.0
2023-10-08,45.223,6,1,10,0,13.8,22.9,5.6,0.0
2023-10-09,77.18100000000001,0,0,10,1,14.4,24.4,5.6,0.0
2023-10-10,69.289,1,0,10,0,15.7,25.4,6.0,0.0
2023-10-11,27.795,2,0,10,0,13.0,20.8,7.6,3.9
2023-10-12,28.820999999999998,3,0,10,0,8.7,13.8,4.7,1.0
2023-10-13,67.389,4,0,10,0,6.0,10.8,1.6,0.0
2023-10-14,89.793,5,1,10,0,4.8,11.1,-0.9,0.0
2023-10-15,24.256,6,1,10,0,8.6,16.2,0.6,0.0
2023-10-16,86.536,0,0,10,0,12.0,20.8,3.9,0.0
2023-10-17,90.059,1,0,10,0,15.7,26.5,6.2,0.0
2023-10-18,33.855000000000004,2,0,10,0,12.4,19.5,4.6,0.0
2023-10-19,71.226,3,0,10,0,15.1,25.8,7.6,0.0
2023-10-20,54.741,4,0,10,0,17.1,28.2,8.9,0.0
2023-10-21,30.325,5,1,10,0,14.4,22.9,6.6,0.0
2023-10-22,47.227000000000004,6,1,10,0,14.0,21.9,6.6,0.0
2023-10-23,30.614,0,0,10,0,13.9,23.6,5.9,0.0
2023-10-24,38.26,1,0,10,0,12.4,19.0,5.0,0.0
2023-10-25,54.897,2,0,10,0,11.0,19.1,5.6,0.0
2023-10-26,119.391,3,0,10,0,7.0,12.7,4.1,0.0
2023-10-27,70.576,4,0,10,0,0.7,4.2,-3.2,0.0
2023-10-28,41.324,5,1,10,0,-3.4,-2.0,-4.6,12.8
2023-10-29,25.463,6,1,10,0,-7.5,-5.0,-14.1,4.5
2023-10-30,38.203,0,0,10,0,-8.6,0.8,-15.5,0.0
2023-10-31,27.092,1,0,10,0,-5.0,2.4,-11.5,0.0
2023-11-01,50.186,2,0,11,0,2.8,13.1,-3.8,0.0
2023-11-02,27.172,3,0,11,0,6.0,13.4,-2.0,0.0
2023-11-03,52.672,4,0,11,0,10.1,17.6,1.2,0.0
2023-11-04,29.749000000000002,5,1,11,0,6.5,15.1,-0.2,0.0
2023-11-05,27.830000000000002,6,1,11,0,11.4,21.7,3.5,0.0
2023-11-06,80.457,0,0,11,0,9.5,18.3,2.3,0.0
2023-11-07,63.019000000000005,1,0,11,0,9.7,18.1,2.3,0.0
2023-11-08,61.510999999999996,2,0,11,0,3.8,7.4,0.0,10.5
2023-11-09,30.709999999999997,3,0,11,0,0.1,6.9,-6.3,0.3
2023-11-10,72.18599999999999,4,0,11,0,-1.0,8.7,-6.8,0.0
2023-11-11,20.262999999999998,5,1,11,1,2.6,12.9,-4.8,0.0
2023-11-12,39.025,6,1,11,0,4.2,13.1,-2.4,0.0
2023-11-13,28.609,0,0,11,0,4.3,12.1,-0.3,0.0
2023-11-14,28.574,1,0,11,0,7.2,18.5,-0.1,0.0
2023-11-15,103.688,2,0,11,0,5.5,14.2,-0.4,0.0
2023-11-16,22.452,3,0,11,0,9.8,17.5,0.3,0.1
2023-11-17,12.676,4,0,11,0,7.0,14.4,2.3,0.0
2023-11-18,74.31700000000001,5,1,11,0,5.7,13.3,-0.8,0.0
2023-11-19,98.72399999999999,6,1,11,0,5.8,12.2,1.2,0.0
2023-11-20,120.009,0,0,11,0,3.7,7.8,0.1,2.0
2023-11-21,69.27199999999999,1,0,11,0,3.6,11.4,-2.0,0.0
2023-11-22,74.293,2,0,11,0,6.6,16.7,-0.4,0.0
2023-11-23,38.113,3,0,11,1,0.8,3.0,-3.8,3.0
2023-11-24,32.091,4,0,11,0,-7.5,-4.3,-10.2,3.1
2023-11-25,125.26599999999999,5,1,11,0,-10.0,-7.8,-12.4,3.6
2023-11-26,56.289,6,1,11,0,-7.1,-0.7,-10.6,0.0
2023-11-27,49.445,0,0,11,0,-6.2,2.6,-11.4,0.0
2023-11-28,116.20400000000001,1,0,11,0,-0.0,9.4,-6.2,0.0
2023-11-29,52.223,2,0,11,0,-1.4,8.8,-7.2,0.0
2023-11-30,25.072000000000003,3,0,11,0,-1.6,1.1,-5.3,0.0
