variant,p,d,q,P,D,Q,m,aic,bic,llf,fit_seconds,ok,error
no_exog,0,1,0,0,1,0,7,21544.938011575687,21550.481284922393,-10771.469005787843,0.019484758377075195,True,
no_exog,0,1,0,0,1,1,7,20329.85203073774,20340.931148396343,-10162.92601536887,0.3025360107421875,True,
no_exog,0,1,0,0,1,2,7,20257.48601105179,20274.093502440188,-10125.743005525896,1.1881778240203857,True,
no_exog,0,1,0,1,1,0,7,20981.475983166943,20992.556163807236,-10488.737991583472,0.035919904708862305,True,
no_exog,0,1,0,1,1,1,7,20328.70394505193,20345.32262153983,-10161.351972525965,0.39327216148376465,True,
no_exog,0,1,0,1,1,2,7,20258.88859504184,20281.031916893033,-10125.44429752092,1.9630467891693115,True,
no_exog,0,1,0,2,1,0,7,20676.065242251974,20692.67433406719,-10335.032621125987,0.0574488639831543,True,
no_exog,0,1,0,2,1,1,7,20269.124206649,20291.269662402618,-10130.5621033245,1.0320138931274414,True,
no_exog,0,1,0,2,1,2,7,20260.34296977384,20288.02212208783,-10125.17148488692,2.1554372310638428,True,
no_exog,0,1,1,0,1,0,7,20296.713504819698,20307.798991910437,-10146.356752409849,0.2733500003814697,True,
no_exog,0,1,1,0,1,1,7,19142.628728792355,19159.245809959826,-9568.314364396178,0.5970947742462158,True,
no_exog,0,1,1,0,1,2,7,19076.446199612416,19098.58738642219,-9534.223099806208,1.5144319534301758,True,
no_exog,0,1,1,1,1,0,7,19744.876528963046,19761.496799923483,-9869.438264481523,0.748089075088501,True,
no_exog,0,1,1,1,1,1,7,19143.82742566747,19165.983533890765,-9567.913712833735,0.8972899913787842,True,
no_exog,0,1,1,1,1,2,7,19077.4040215744,19105.08050508662,-9533.7020107872,2.3594369888305664,True,
no_exog,0,1,1,2,1,0,7,19477.781815261023,19499.92727101464,-9734.890907630512,1.507256031036377,True,
no_exog,0,1,1,2,1,1,7,19097.507241085295,19125.189060777317,-9543.753620542648,2.084259033203125,True,
no_exog,0,1,1,2,1,2,7,19079.036264627928,19112.248044842592,-9533.518132313964,2.683427095413208,True,
no_exog,0,1,2,0,1,0,7,20286.813739547324,20303.440379936903,-10140.406869773662,0.5542500019073486,True,
no_exog,0,1,2,0,1,1,7,19135.36931260626,19157.523292603913,-9563.68465630313,0.9612607955932617,True,
no_exog,0,1,2,0,1,2,7,19069.186941031818,19096.860754317004,-9529.593470515909,2.866535186767578,True,
no_exog,0,1,2,1,1,0,7,19745.179206744615,19767.339568025196,-9868.589603372307,0.7470102310180664,True,
no_exog,0,1,2,1,1,1,7,19136.2904592117,19163.98293420877,-9563.14522960585,1.4051892757415771,True,
no_exog,0,1,2,1,1,2,7,19070.13217844566,19103.340754387886,-9529.06608922283,2.382702112197876,True,
no_exog,0,1,2,2,1,0,7,19475.70024854668,19503.3820682387,-9732.85012427334,2.123046875,True,
no_exog,0,1,2,2,1,1,7,19099.503768328414,19132.72195195884,-9543.751884164207,2.923520088195801,True,
no_exog,0,1,2,2,1,2,7,19071.64122647249,19110.384565071752,-9528.820613236245,4.5985658168792725,True,
no_exog,0,1,3,0,1,0,7,20276.378810920756,20298.545543320284,-10134.189405460378,0.7023148536682129,True,
no_exog,0,1,3,0,1,1,7,19127.25674101226,19154.946554311104,-9558.62837050613,1.35237717628479,True,
no_exog,0,1,3,0,1,2,7,19061.51184021606,19094.717210173705,-9524.75592010803,3.154817819595337,True,
no_exog,0,1,3,1,1,0,7,19745.805177091424,19773.50562869215,-9867.902588545712,1.175318956375122,True,
no_exog,0,1,3,1,1,1,7,19128.348525221194,19161.576301179804,-9558.174262610597,1.8605561256408691,True,
no_exog,0,1,3,1,1,2,7,19062.273788800216,19101.013387084135,-9524.136894400108,5.279250144958496,True,
no_exog,0,1,3,2,1,0,7,19477.120750189242,19510.33893381967,-9732.560375094621,2.732072114944458,True,
no_exog,0,1,3,2,1,1,7,19101.003354682347,19139.757902251178,-9543.501677341173,3.2992918491363525,True,
no_exog,0,1,3,2,1,2,7,19063.840871774475,19108.114698384667,-9523.920435887238,4.8630359172821045,True,
no_exog,0,1,4,0,1,0,7,20265.204991274783,20292.910753550463,-10127.602495637391,0.9315049648284912,True,
no_exog,0,1,4,0,1,1,7,19115.02912827945,19148.253708498967,-9551.514564139725,1.6899378299713135,True,
no_exog,0,1,4,0,1,2,7,19048.56263229357,19087.298488262513,-9517.281316146786,5.048595905303955,True,
no_exog,0,1,4,1,1,0,7,19743.869828571555,19777.110370492428,-9865.934914285777,1.343372106552124,True,
no_exog,0,1,4,1,1,1,7,19115.651302545906,19154.41331280201,-9550.825651272953,2.2915849685668945,True,
no_exog,0,1,4,1,1,2,7,19049.440446537497,19093.709996216287,-9516.720223268749,5.421716928482056,True,
no_exog,0,1,4,2,1,0,7,19472.61206016259,19511.366607731423,-9729.306030081296,3.4909250736236572,True,
no_exog,0,1,4,2,1,1,7,19097.66016338714,19141.951074894376,-9540.83008169357,3.945931911468506,True,
no_exog,0,1,4,2,1,2,7,19050.81944167662,19100.622685065257,-9516.40972083831,6.842939853668213,True,
no_exog,1,1,0,0,1,0,7,21000.980062925366,21012.066609618778,-10498.490031462683,0.02118396759033203,True,
no_exog,1,1,0,0,1,1,7,19816.17234743203,19832.791023919934,-9905.086173716016,0.3973729610443115,True,
no_exog,1,1,0,0,1,2,7,19743.042484221995,19765.185806073187,-9867.521242110997,1.1605470180511475,True,
no_exog,1,1,0,1,1,0,7,20432.248146022557,20448.86682251046,-10213.124073011279,0.12473082542419434,True,
no_exog,1,1,0,1,1,1,7,19812.422592971787,19834.580828288992,-9902.211296485893,0.5052659511566162,True,
no_exog,1,1,0,1,1,2,7,19745.03125626118,19772.71040857517,-9867.51562813059,3.2340190410614014,True,
no_exog,1,1,0,2,1,0,7,20159.925096530933,20182.068418382125,-10075.962548265466,0.37700772285461426,True,
no_exog,1,1,0,2,1,1,7,19744.00837191788,19771.68752423187,-9867.00418595894,2.064481019973755,True,
no_exog,1,1,0,2,1,2,7,19745.35781628061,19778.5727990574,-9866.678908140306,3.1365959644317627,True,
no_exog,1,1,1,0,1,0,7,20296.740698335958,20313.368928972064,-10145.370349167979,0.27719998359680176,True,
no_exog,1,1,1,0,1,1,7,19144.618041984828,19166.774150208123,-9568.309020992414,0.8726768493652344,True,
no_exog,1,1,1,0,1,2,7,19078.443690147134,19106.120173659354,-9534.221845073567,1.7174451351165771,True,
no_exog,1,1,1,1,1,0,7,19734.946125831488,19757.104361148693,-9863.473062915744,0.9759271144866943,True,
no_exog,1,1,1,1,1,1,7,19145.827296870757,19173.522432149875,-9567.913648435378,1.2770838737487793,True,
no_exog,1,1,1,1,1,2,7,19079.403858176156,19112.61563839082,-9533.701929088078,2.9932591915130615,True,
no_exog,1,1,1,2,1,0,7,19465.57153975001,19493.250692064,-9727.785769875005,2.641493797302246,True,
no_exog,1,1,1,2,1,1,7,19090.123157182614,19123.338139959404,-9539.061578591307,3.769890069961548,True,
no_exog,1,1,1,2,1,2,7,19081.035656535143,19119.78273345225,-9533.517828267572,3.099997043609619,True,
no_exog,1,1,2,0,1,0,7,20255.20247369366,20277.371327546432,-10123.60123684683,0.8085711002349854,True,
no_exog,1,1,2,0,1,1,7,19431.3514796741,19459.043954671168,-9710.67573983705,2.8433892726898193,True,
no_exog,1,1,2,0,1,2,7,19341.508563873933,19374.71713981616,-9664.754281936966,8.286361932754517,True,
no_exog,1,1,2,1,1,0,7,19858.547108798193,19886.244902944698,-9924.273554399097,0.9638650417327881,True,
no_exog,1,1,2,1,1,1,7,19468.455553043113,19501.686523039596,-9728.227776521557,2.7774510383605957,True,
no_exog,1,1,2,1,1,2,7,19387.36127199952,19426.104610598784,-9686.68063599976,8.968830347061157,True,
no_exog,1,1,2,2,1,0,7,19604.31975240329,19637.53473518008,-9796.159876201646,4.79790735244751,True,
no_exog,1,1,2,2,1,1,7,19300.034259774242,19338.78507301383,-9643.017129887121,6.235612154006958,True,
no_exog,1,1,2,2,1,2,7,19400.303493515283,19444.581594771582,-9692.151746757641,7.21878719329834,True,
no_exog,1,1,3,0,1,0,7,20265.28218280392,20292.99059830333,-10127.64109140196,1.1168770790100098,True,
no_exog,1,1,3,0,1,1,7,19128.239218396087,19161.466994354698,-9558.119609198044,1.8884742259979248,True,
no_exog,1,1,3,0,1,2,7,19062.493345041126,19101.232943325045,-9524.246672520563,4.674669027328491,True,
no_exog,1,1,3,1,1,0,7,19736.56743233008,19769.80478530589,-9862.28371616504,1.5105390548706055,True,
no_exog,1,1,3,1,1,1,7,19129.32598851714,19168.091727135517,-9557.66299425857,1.6124138832092285,True,
no_exog,1,1,3,1,1,2,7,19063.29060771592,19107.564434326112,-9523.64530385796,4.616312026977539,True,
no_exog,1,1,3,2,1,0,7,19469.5459130612,19508.29672630079,-9727.7729565306,4.641182899475098,True,
no_exog,1,1,3,2,1,1,7,19092.68432705096,19136.970970753348,-9538.34216352548,4.8624467849731445,True,
no_exog,1,1,3,2,1,2,7,19064.878786796613,19114.68684173308,-9523.439393398306,6.582871913909912,True,
no_exog,1,1,4,0,1,0,7,20264.192754359166,20297.439669089985,-10126.096377179583,1.8513948917388916,True,
no_exog,1,1,4,0,1,1,7,19114.192269751402,19152.954280007507,-9550.096134875701,2.724760055541992,True,
no_exog,1,1,4,0,1,2,7,19047.719509268307,19091.989058947096,-9515.859754634153,7.164812803268433,True,
no_exog,1,1,4,1,1,0,7,19730.935480906828,19769.712392711936,-9858.467740453414,2.3669729232788086,True,
no_exog,1,1,4,1,1,1,7,19142.556202712127,19186.85564300482,-9563.278101356063,4.071409225463867,True,
no_exog,1,1,4,1,1,2,7,19048.607922354102,19098.41116574274,-9515.303961177051,7.9659552574157715,True,
no_exog,1,1,4,2,1,0,7,19458.811987051085,19503.098630753473,-9721.405993525543,5.278447866439819,True,
no_exog,1,1,4,2,1,1,7,19090.65867318963,19140.481147354818,-9536.329336594816,6.042543172836304,True,
no_exog,1,1,4,2,1,2,7,19049.825000765617,19105.161937864104,-9514.912500382809,7.718929052352905,True,
no_exog,2,1,0,0,1,0,7,20760.510681707266,20777.138912343373,-10377.255340853633,0.029314756393432617,True,
no_exog,2,1,0,0,1,1,7,19537.14247725613,19559.300712573335,-9764.571238628065,0.5619487762451172,True,
no_exog,2,1,0,0,1,2,7,19468.90166202542,19496.58081433941,-9729.45083101271,1.9834198951721191,True,
no_exog,2,1,0,1,1,0,7,20184.258507994622,20206.414616217917,-10088.129253997311,0.21972203254699707,True,
no_exog,2,1,0,1,1,1,7,19527.416805580153,19555.11194085927,-9758.708402790076,1.074695110321045,True,
no_exog,2,1,0,1,1,2,7,19470.634875582546,19503.849858359335,-9729.317437791273,3.3193840980529785,True,
no_exog,2,1,0,2,1,0,7,19896.68203495018,19924.3585184624,-9943.34101747509,0.5688631534576416,True,
no_exog,2,1,0,2,1,1,7,19460.627888644103,19493.839668858767,-9724.313944322052,1.809804916381836,True,
no_exog,2,1,0,2,1,2,7,19461.53771736629,19500.284794283398,-9723.768858683145,2.9020450115203857,True,
no_exog,2,1,1,0,1,0,7,20296.59823997001,20318.769214151485,-10144.299119985006,0.5106387138366699,True,
no_exog,2,1,1,0,1,1,7,19145.71129247454,19173.40642775366,-9567.85564623727,1.0478670597076416,True,
no_exog,2,1,1,0,1,2,7,19079.877110927162,19113.088891141826,-9533.938555463581,2.3880388736724854,True,
no_exog,2,1,1,1,1,0,7,19725.353739710914,19753.048874990032,-9857.676869855457,1.3461458683013916,True,
no_exog,2,1,1,1,1,1,7,19147.062639535827,19180.296801870772,-9567.531319767913,1.4312999248504639,True,
no_exog,2,1,1,1,1,2,7,19080.668219498817,19119.415296415926,-9533.334109749409,2.495729923248291,True,
no_exog,2,1,1,2,1,0,7,19456.592124134833,19489.803904349497,-9722.296062067417,2.328911066055298,True,
no_exog,2,1,1,2,1,1,7,19081.842302802623,19120.58937971973,-9533.921151401311,2.640655040740967,True,
no_exog,2,1,1,2,1,2,7,19082.400106243742,19126.682479863295,-9533.200053121871,2.3516228199005127,True,
no_exog,2,1,2,0,1,0,7,20266.30422533561,20294.015292651577,-10128.152112667805,1.154893159866333,True,
no_exog,2,1,2,0,1,1,7,19137.465735975617,19170.6967059721,-9562.732867987808,2.878092050552368,True,
no_exog,2,1,2,0,1,2,7,19389.462831941848,19428.20617054111,-9687.731415970924,7.221169948577881,True,
no_exog,2,1,2,1,1,0,7,19830.776570590308,19864.010732925253,-9909.388285295154,1.8512718677520752,True,
no_exog,2,1,2,1,1,1,7,19386.96067458232,19425.730139578212,-9686.48033729116,4.023693799972534,True,
no_exog,2,1,2,1,1,2,7,19344.689096731207,19388.967197987506,-9664.344548365603,11.154953002929688,True,
no_exog,2,1,2,2,1,0,7,19617.809379032806,19656.556455949914,-9801.904689516403,4.743135929107666,True,
no_exog,2,1,2,2,1,1,7,19256.4588919409,19300.741265560453,-9620.22944597045,9.135642766952515,True,
no_exog,2,1,2,2,1,2,7,19337.450720857207,19387.263584770546,-9659.725360428603,9.98308515548706,True,
no_exog,2,1,3,0,1,0,7,20051.692711955766,20084.942810555058,-10019.846355977883,1.7045433521270752,True,
no_exog,2,1,3,0,1,1,7,19124.21701694678,19162.982755565157,-9555.10850847339,3.2573680877685547,True,
no_exog,2,1,3,0,1,2,7,19064.833796596606,19109.107623206797,-9524.416898298303,6.543339967727661,True,
no_exog,2,1,3,1,1,0,7,19658.309879687862,19697.08306907863,-9822.154939843931,3.700748920440674,True,
no_exog,2,1,3,1,1,1,7,19132.070880734274,19176.37458201242,-9558.035440367137,2.6929430961608887,True,
no_exog,2,1,3,1,1,2,7,19067.24588402135,19117.05393895782,-9524.622942010676,6.286219120025635,True,
no_exog,2,1,3,2,1,0,7,19461.648783696037,19505.93115731559,-9722.824391848018,5.608289003372192,True,
no_exog,2,1,3,2,1,1,7,19084.549680609915,19134.367350931912,-9533.274840304957,5.42765474319458,True,
no_exog,2,1,3,2,1,2,7,19068.552994428162,19123.895277690903,-9524.276497214081,7.526335000991821,True,
no_exog,2,1,4,0,1,0,7,20097.156114204714,20135.944181390667,-10041.578057102357,2.3762831687927246,True,
no_exog,2,1,4,0,1,1,7,19101.525424104406,19145.8248643971,-9542.762712052203,3.2934250831604004,True,
no_exog,2,1,4,0,1,2,7,19049.240924392332,19099.04416778097,-9515.620462196166,8.019610166549683,True,
no_exog,2,1,4,1,1,0,7,19756.50098302633,19800.813199472923,-9870.250491513165,3.7481887340545654,True,
no_exog,2,1,4,1,1,1,7,19116.35544901775,19166.19231934703,-9549.177724508874,3.6406149864196777,True,
no_exog,2,1,4,1,1,2,7,19037.844656277717,19093.181593376205,-9508.922328138859,10.162091970443726,True,
no_exog,2,1,4,2,1,0,7,19462.731412776204,19512.5490830982,-9722.365706388102,5.353649139404297,True,
no_exog,2,1,4,2,1,1,7,19086.782083050995,19142.135050075438,-9533.391041525498,5.909275770187378,True,
no_exog,2,1,4,2,1,2,7,19039.52837171627,19100.399002524606,-9508.764185858136,8.883440971374512,True,
no_exog,3,1,0,0,1,0,7,20660.258441962666,20682.42729581544,-10326.129220981333,0.03559708595275879,True,
no_exog,3,1,0,0,1,1,7,19399.296244715348,19426.994038861852,-9694.648122357674,0.6226346492767334,True,
no_exog,3,1,0,0,1,2,7,19333.040201275282,19366.255184052072,-9660.520100637641,1.970797061920166,True,
no_exog,3,1,0,1,1,0,7,20049.871988806677,20077.564463803745,-10019.935994403339,0.3388180732727051,True,
no_exog,3,1,0,1,1,1,7,19381.57418817278,19414.805158169263,-9684.78709408639,1.2276051044464111,True,
no_exog,3,1,0,1,1,2,7,19334.309695488577,19373.060508728166,-9660.154847744288,2.5916800498962402,True,
no_exog,3,1,0,2,1,0,7,19738.205108483355,19771.41368442558,-9863.102554241677,0.6691310405731201,True,
no_exog,3,1,0,2,1,1,7,19315.43340562873,19354.176744227992,-9650.716702814365,2.9448459148406982,True,
no_exog,3,1,0,2,1,2,7,19316.53861218058,19360.816713436878,-9650.26930609029,5.762763023376465,True,
no_exog,3,1,1,0,1,0,7,20285.211123494344,20312.92219081031,-10137.605561747172,0.8385829925537109,True,
no_exog,3,1,1,0,1,1,7,19143.626609182502,19176.860771517448,-9565.813304591251,1.2753651142120361,True,
no_exog,3,1,1,0,1,2,7,19076.882681382405,19115.629758299514,-9531.441340691203,3.8205649852752686,True,
no_exog,3,1,1,1,1,0,7,19713.29096770866,19746.521937705144,-9850.64548385433,1.9251861572265625,True,
no_exog,3,1,1,1,1,1,7,19134.885157841505,19173.6546228374,-9560.442578920753,1.7597129344940186,True,
no_exog,3,1,1,1,1,2,7,19077.965919141876,19122.24829276143,-9530.982959570938,5.115159749984741,True,
no_exog,3,1,1,2,1,0,7,19441.3311154914,19480.074454090663,-9713.6655577457,4.341641187667847,True,
no_exog,3,1,1,2,1,1,7,19069.503017208634,19113.781118464933,-9526.751508604317,3.6893200874328613,True,
no_exog,3,1,1,2,1,2,7,19070.14794115467,19119.96080506801,-9526.073970577336,4.410696983337402,True,
no_exog,3,1,2,0,1,0,7,20241.836177260935,20275.089458040096,-10114.918088630468,1.3585190773010254,True,
no_exog,3,1,2,0,1,1,7,19456.342858100907,19495.1123230968,-9721.171429050453,3.535160779953003,True,
no_exog,3,1,2,0,1,2,7,19379.007167737895,19423.285268994194,-9681.503583868947,8.583436012268066,True,
no_exog,3,1,2,1,1,0,7,19741.42300344499,19780.192468440884,-9863.711501722495,2.812579870223999,True,
no_exog,3,1,2,1,1,1,7,19198.035052419415,19242.343012414723,-9591.017526209707,2.749232292175293,True,
no_exog,3,1,2,1,1,2,7,19399.471229142924,19449.284093056263,-9690.735614571462,7.750814914703369,True,
no_exog,3,1,2,2,1,0,7,19601.3602517639,19645.6383530202,-9792.68012588195,6.461436986923218,True,
no_exog,3,1,2,2,1,1,7,19479.21377115427,19529.02663506761,-9730.606885577135,7.530309200286865,True,
no_exog,3,1,2,2,1,2,7,19403.366632602694,19458.71425917307,-9691.683316301347,8.123720407485962,True,
no_exog,3,1,3,0,1,0,7,20287.702527715992,20326.494309415168,-10136.851263857996,1.2226760387420654,True,
no_exog,3,1,3,0,1,1,7,19228.74329221892,19273.046993497064,-9606.37164610946,4.9897871017456055,True,
no_exog,3,1,3,0,1,2,7,19201.08892881029,19250.89698374676,-9591.544464405146,9.53125,True,
no_exog,3,1,3,1,1,0,7,19706.000378883888,19750.308338879197,-9845.000189441944,3.3176608085632324,True,
no_exog,3,1,3,1,1,1,7,19132.88203382524,19182.723697763155,-9557.44101691262,3.943763017654419,True,
no_exog,3,1,3,1,1,2,7,19068.210603101023,19123.552886363763,-9524.105301550511,7.8461527824401855,True,
no_exog,3,1,3,2,1,0,7,19521.849984662666,19571.662848576005,-9751.924992331333,6.9683918952941895,True,
no_exog,3,1,3,2,1,1,7,19079.268064867825,19134.6156914382,-9529.634032433913,7.958217144012451,True,
no_exog,3,1,3,2,1,2,7,19069.554683862705,19130.43119545172,-9523.777341931353,9.116650104522705,True,
no_exog,3,1,4,0,1,0,7,20076.901433877796,20121.230653518887,-10030.450716938898,2.407569169998169,True,
no_exog,3,1,4,0,1,1,7,19098.13233930764,19147.96920963692,-9540.06616965382,3.558411121368408,True,
no_exog,3,1,4,0,1,2,7,19035.166910836244,19090.50384793473,-9507.583455418122,9.816143989562988,True,
no_exog,3,1,4,1,1,0,7,19749.16933002649,19799.01578502121,-9865.584665013244,3.7725329399108887,True,
no_exog,3,1,4,1,1,1,7,19210.908323428444,19266.282623794308,-9595.454161714222,4.316967964172363,True,
no_exog,3,1,4,1,1,2,7,19042.365987658337,19103.23661846667,-9510.182993829168,13.031432867050171,True,
no_exog,3,1,4,2,1,0,7,19449.746985201553,19505.09461177193,-9714.873492600776,8.285989999771118,True,
no_exog,3,1,4,2,1,1,7,19157.380985644533,19218.263374871945,-9567.690492822267,10.232899188995361,True,
no_exog,3,1,4,2,1,2,7,19037.640629540496,19104.044954058678,-9506.820314770248,11.6822669506073,True,
no_exog,4,1,0,0,1,0,7,20575.710626706543,20603.419042205955,-10282.855313353271,0.03993391990661621,True,
no_exog,4,1,0,0,1,1,7,19348.10991750376,19381.347270479568,-9668.05495875188,0.7647039890289307,True,
no_exog,4,1,0,0,1,2,7,19281.609387853852,19320.36020109344,-9633.804693926926,2.263967990875244,True,
no_exog,4,1,0,1,1,0,7,19970.137346524494,20003.365122483105,-9979.068673262247,0.43128514289855957,True,
no_exog,4,1,0,1,1,1,7,19320.680431686593,19359.44617030497,-9653.340215843296,1.3895831108093262,True,
no_exog,4,1,0,1,1,2,7,19283.068525458497,19327.355169160885,-9633.534262729248,3.4541969299316406,True,
no_exog,4,1,0,2,1,0,7,19667.46448540444,19706.20408368836,-9826.73224270222,0.8052010536193848,True,
no_exog,4,1,0,2,1,1,7,19254.496012064577,19298.76983867477,-9619.248006032289,3.4792399406433105,True,
no_exog,4,1,0,2,1,2,7,19255.85442935938,19305.662484295848,-9618.92721467969,3.17539381980896,True,
no_exog,4,1,1,0,1,0,7,20276.682975111882,20309.933073711174,-10132.341487555941,0.9772608280181885,True,
no_exog,4,1,1,0,1,1,7,19141.109902190597,19179.883091581367,-9563.554951095299,1.9565999507904053,True,
no_exog,4,1,1,0,1,2,7,19074.126369192498,19118.40874281205,-9529.063184596249,3.6125943660736084,True,
no_exog,4,1,1,1,1,0,7,19702.226591255763,19740.99232987414,-9844.113295627882,2.1169381141662598,True,
no_exog,4,1,1,1,1,1,7,19122.651439983725,19166.95514126187,-9553.325719991863,2.491400957107544,True,
no_exog,4,1,1,1,1,2,7,19075.387973408062,19125.20564373006,-9528.693986704031,3.770620822906494,True,
no_exog,4,1,1,2,1,0,7,19422.708167440025,19466.981994050217,-9703.354083720013,5.172839879989624,True,
no_exog,4,1,1,2,1,1,7,19057.36815859344,19107.176213529907,-9519.68407929672,6.348321199417114,True,
no_exog,4,1,1,2,1,2,7,19058.021586387396,19113.363869650137,-9519.010793193698,4.630089998245239,True,
no_exog,4,1,2,0,1,0,7,20206.373640758822,20245.165422457998,-10096.186820379411,1.8313989639282227,True,
no_exog,4,1,2,0,1,1,7,19434.81291454134,19479.12087453665,-9709.40645727067,3.9315240383148193,True,
no_exog,4,1,2,0,1,2,7,19360.916654203735,19410.729518117074,-9671.458327101867,7.844524145126343,True,
no_exog,4,1,2,1,1,0,7,19797.57190396411,19841.875605242258,-9890.785951982056,3.4094762802124023,True,
no_exog,4,1,2,1,1,1,7,19307.321980601904,19357.163644539818,-9644.660990300952,5.832118034362793,True,
no_exog,4,1,2,1,1,2,7,19381.216847045667,19436.564473616043,-9680.608423522834,8.553182363510132,True,
no_exog,4,1,2,2,1,0,7,19597.115297177643,19646.92335211411,-9789.557648588821,8.054184913635254,True,
no_exog,4,1,2,2,1,1,7,19535.56777762265,19590.91006088539,-9757.783888811326,9.744354248046875,True,
no_exog,4,1,2,2,1,2,7,19379.008075248166,19439.884586837183,-9678.504037624083,9.054059982299805,True,
no_exog,4,1,3,0,1,0,7,20207.710463692485,20252.04392849154,-10095.855231846243,1.5681219100952148,True,
no_exog,4,1,3,0,1,1,7,19369.57536658155,19419.417030519464,-9675.787683290775,4.550445079803467,True,
no_exog,4,1,3,0,1,2,7,19372.356037720485,19427.698320983225,-9676.178018860242,8.06789493560791,True,
no_exog,4,1,3,1,1,0,7,19795.398784876452,19845.240448814366,-9888.699392438226,3.498548984527588,True,
no_exog,4,1,3,1,1,1,7,19402.96965990059,19458.349286498273,-9691.484829950296,4.933091878890991,True,
no_exog,4,1,3,1,1,2,7,19265.110264076975,19325.98677566599,-9621.555132038487,9.319885969161987,True,
no_exog,4,1,3,2,1,0,7,19593.681257625267,19649.023540888007,-9786.840628812633,8.896746158599854,True,
no_exog,4,1,3,2,1,1,7,19324.940547203398,19385.817058792414,-9651.470273601699,8.110852003097534,True,
no_exog,4,1,3,2,1,2,7,19308.252079439524,19374.662819354813,-9642.126039719762,9.796923875808716,True,
no_exog,4,1,4,0,1,0,7,20078.852036253702,20128.722408349928,-10030.426018126851,2.640004873275757,True,
no_exog,4,1,4,0,1,1,7,19191.60088562847,19246.975185994335,-9585.800442814236,4.96251106262207,True,
no_exog,4,1,4,0,1,2,7,19129.675821008597,19190.546451816932,-9553.837910504299,10.0123291015625,True,
no_exog,4,1,4,1,1,0,7,19733.054984381335,19788.434610979017,-9856.527492190668,4.754069089889526,True,
no_exog,4,1,4,1,1,1,7,19126.832306980585,19187.744037383036,-9552.416153490292,5.234615087509155,True,
no_exog,4,1,4,1,1,2,7,19069.25065249428,19135.654977012462,-9522.62532624714,12.374197006225586,True,
no_exog,4,1,4,2,1,0,7,19458.8750984296,19519.751610018615,-9718.4375492148,10.099779844284058,True,
no_exog,4,1,4,2,1,1,7,19220.050269268417,19286.461009183706,-9598.025134634208,9.473855018615723,True,
no_exog,4,1,4,2,1,2,7,19061.20146359026,19133.139481818293,-9517.60073179513,11.492959976196289,True,
exog,0,1,0,0,1,0,7,21543.63669704709,21565.809790433912,-10767.818348523546,0.41498422622680664,True,
exog,0,1,0,0,1,1,7,20332.03297065883,20359.730764805336,-10161.016485329415,0.7559199333190918,True,
exog,0,1,0,0,1,2,7,20259.217847408454,20292.432830185244,-10123.608923704227,2.071822166442871,True,
exog,0,1,0,1,1,0,7,20981.729768121593,21009.43021972232,-10485.864884060797,0.4498889446258545,True,
exog,0,1,0,1,1,1,7,20330.726972095017,20363.964325070825,-10159.363486047509,1.0550448894500732,True,
exog,0,1,0,1,1,2,7,20260.808026164865,20299.558839404453,-10123.404013082432,3.350924015045166,True,
exog,0,1,0,2,1,0,7,20678.0155814998,20711.233765130226,-10333.0077907499,0.4242591857910156,True,
exog,0,1,0,2,1,1,7,20270.8413421464,20309.59588971523,-10128.4206710732,2.2687039375305176,True,
exog,0,1,0,2,1,2,7,20262.21204593769,20306.498689640077,-10123.106022968845,3.6177148818969727,True,
exog,0,1,1,0,1,0,7,20283.460714529996,20311.174432256837,-10136.730357264998,0.8838849067687988,True,
exog,0,1,1,0,1,1,7,19135.21084884352,19168.445011178464,-9561.60542442176,1.6097869873046875,True,
exog,0,1,1,0,1,2,7,19068.85715597484,19107.60423289195,-9527.42857798742,2.9203109741210938,True,
exog,0,1,1,1,1,0,7,19733.63743469353,19766.877976614403,-9860.818717346765,1.8516170978546143,True,
exog,0,1,1,1,1,1,7,19136.335088868494,19175.108278259264,-9561.167544434247,1.7359399795532227,True,
exog,0,1,1,1,1,2,7,19069.934522483894,19114.216896103448,-9526.967261241947,3.0128402709960938,True,
exog,0,1,1,2,1,0,7,19466.515675291834,19505.270222860665,-9726.257837645917,2.7387142181396484,True,
exog,0,1,1,2,1,1,7,19089.90483699713,19134.195748504368,-9536.952418498566,3.7473959922790527,True,
exog,0,1,1,2,1,2,7,19071.581508457748,19121.399178779746,-9526.790754228874,4.356533050537109,True,
exog,0,1,2,0,1,0,7,20274.204888994856,20307.458169774018,-10131.102444497428,1.1405937671661377,True,
exog,0,1,2,0,1,1,7,19127.825754324615,19166.59521932051,-9556.912877162307,1.4526500701904297,True,
exog,0,1,2,0,1,2,7,19061.540355328325,19105.818456584624,-9522.770177664162,3.9886467456817627,True,
exog,0,1,2,1,1,0,7,19734.527130991384,19773.307763232402,-9860.263565495692,1.5733802318572998,True,
exog,0,1,2,1,1,1,7,19128.72203097297,19173.02999096828,-9556.361015486485,2.59497332572937,True,
exog,0,1,2,1,1,2,7,19062.56249563497,19112.37535954831,-9522.281247817486,5.483576059341431,True,
exog,0,1,2,2,1,0,7,19465.515566388167,19509.806477895403,-9724.757783194083,3.4282538890838623,True,
exog,0,1,2,2,1,1,7,19091.870731872077,19141.69800731772,-9536.935365936039,4.924535036087036,True,
exog,0,1,2,2,1,2,7,19064.14204329634,19119.489669866714,-9522.07102164817,5.64638090133667,True,
exog,0,1,3,0,1,0,7,20264.314351331635,20303.10613303081,-10125.157175665818,1.4635393619537354,True,
exog,0,1,3,0,1,1,7,19118.612245577016,19162.915946855162,-9551.306122788508,3.305366039276123,True,
exog,0,1,3,0,1,2,7,19052.62863962732,19102.43669456379,-9517.31431981366,6.349830865859985,True,
exog,0,1,3,1,1,0,7,19735.64268419106,19779.963406752224,-9859.82134209553,2.9195151329040527,True,
exog,0,1,3,1,1,1,7,19120.37834803368,19170.220011971593,-9551.18917401684,3.09206223487854,True,
exog,0,1,3,1,1,2,7,19054.433060505984,19109.775343768724,-9517.216530252992,6.1119349002838135,True,
exog,0,1,3,2,1,0,7,19467.24700150083,19517.07427694647,-9724.623500750415,5.066286087036133,True,
exog,0,1,3,2,1,1,7,19093.02224415194,19148.385883535986,-9536.51112207597,5.850810766220093,True,
exog,0,1,3,2,1,2,7,19056.045325869974,19116.92183745899,-9517.022662934987,6.58324408531189,True,
exog,0,1,4,0,1,0,7,20257.571810699665,20301.901030340756,-10120.785905349832,2.0708208084106445,True,
exog,0,1,4,0,1,1,7,19106.955114514712,19156.791984843992,-9544.477557257356,3.170151948928833,True,
exog,0,1,4,0,1,2,7,19040.484373210358,19095.821310308846,-9510.242186605179,7.590135097503662,True,
exog,0,1,4,1,1,0,7,19735.07620365984,19784.937016541146,-9858.53810182992,2.6862568855285645,True,
exog,0,1,4,1,1,1,7,19107.581390659958,19162.95569102582,-9543.790695329979,4.092509984970093,True,
exog,0,1,4,1,1,2,7,19041.385477394302,19102.256108202637,-9509.692738697151,7.192785978317261,True,
exog,0,1,4,2,1,0,7,19462.55488619746,19517.918525581506,-9721.27744309873,4.462991952896118,True,
exog,0,1,4,2,1,1,7,19107.010136088684,19167.910139411135,-9542.505068044342,5.787842035293579,True,
exog,0,1,4,2,1,2,7,19042.831073659916,19109.235398178098,-9509.415536829958,8.06076192855835,True,
exog,1,1,0,0,1,0,7,20997.827098161964,21025.54346489549,-10493.913549080982,0.11978602409362793,True,
exog,1,1,0,0,1,1,7,19817.225357505107,19850.462710480915,-9902.612678752554,0.7918469905853271,True,
exog,1,1,0,0,1,2,7,19743.620167744528,19782.370980984117,-9864.810083872264,2.0457921028137207,True,
exog,1,1,0,1,1,0,7,20432.3728199787,20465.610172954508,-10210.18640998935,0.5319857597351074,True,
exog,1,1,0,1,1,1,7,19813.218787535654,19851.99569934076,-9899.609393767827,1.1580610275268555,True,
exog,1,1,0,1,1,2,7,19745.60089774833,19789.887541450717,-9864.800448874164,4.676545858383179,True,
exog,1,1,0,2,1,0,7,20161.055400115147,20199.806213354736,-10073.527700057573,1.4139549732208252,True,
exog,1,1,0,2,1,1,7,19744.61778748361,19788.904431185998,-9864.308893741805,3.381239652633667,True,
exog,1,1,0,2,1,2,7,19746.804630846564,19796.62710501175,-9864.402315423282,5.119381904602051,True,
exog,1,1,1,0,1,0,7,20284.176915242853,20317.433376515066,-10136.088457621427,0.7705998420715332,True,
exog,1,1,1,0,1,1,7,19137.07994662696,19175.85313601773,-9561.53997331348,1.9881110191345215,True,
exog,1,1,1,0,1,2,7,19070.81860759856,19115.100981218115,-9527.40930379928,2.7248167991638184,True,
exog,1,1,1,1,1,0,7,19724.333407114067,19763.110318919174,-9855.166703557034,1.3896918296813965,True,
exog,1,1,1,1,1,1,7,19138.265483045816,19182.57769949241,-9561.132741522908,2.60294508934021,True,
exog,1,1,1,1,1,2,7,19071.873914722255,19121.691585044253,-9526.936957361127,4.1953089237213135,True,
exog,1,1,1,2,1,0,7,19455.476369921627,19499.763013624015,-9719.738184960814,4.132246971130371,True,
exog,1,1,1,2,1,1,7,19082.561087970324,19132.38356213551,-9532.280543985162,6.00501012802124,True,
exog,1,1,1,2,1,2,7,19073.54690396676,19128.8998709912,-9526.77345198338,3.6915149688720703,True,
exog,1,1,2,0,1,0,7,20252.687652017496,20291.48314625985,-10119.343826008748,1.325942039489746,True,
exog,1,1,2,0,1,1,7,19446.9757707188,19491.28373071411,-9715.4878853594,4.092733860015869,True,
exog,1,1,2,0,1,2,7,19370.211115978032,19420.02397989137,-9676.105557989016,10.664833784103394,True,
exog,1,1,2,1,1,0,7,19833.64777709687,19877.964247731277,-9908.823888548435,2.200860023498535,True,
exog,1,1,2,1,1,1,7,19431.670325537605,19481.516780532325,-9706.835162768803,4.401418924331665,True,
exog,1,1,2,1,1,2,7,19077.89083137857,19133.238457948944,-9528.945415689284,7.88810920715332,True,
exog,1,1,2,2,1,0,7,19626.237472714565,19676.05994687975,-9804.118736357283,6.360416889190674,True,
exog,1,1,2,2,1,1,7,19387.33189215319,19442.690196781172,-9683.665946076595,8.908715963363647,True,
exog,1,1,2,2,1,2,7,19228.707089663472,19289.589478890884,-9603.353544831736,9.443431854248047,True,
exog,1,1,3,0,1,0,7,20253.609133092214,20297.94259789127,-10118.804566546107,1.944105863571167,True,
exog,1,1,3,0,1,1,7,19120.000127687454,19169.841791625367,-9551.000063843727,2.9684059619903564,True,
exog,1,1,3,0,1,2,7,19054.29558643815,19109.63786970089,-9517.147793219076,6.535615921020508,True,
exog,1,1,3,1,1,0,7,19725.96780291025,19775.82383237396,-9853.983901455125,3.13847017288208,True,
exog,1,1,3,1,1,1,7,19121.22282096059,19176.60244755827,-9550.611410480295,2.530665874481201,True,
exog,1,1,3,1,1,2,7,19055.239233756838,19116.115745345855,-9516.619616878419,4.365502834320068,True,
exog,1,1,3,2,1,0,7,19459.486137367672,19514.844441995658,-9719.743068683836,5.820978879928589,True,
exog,1,1,3,2,1,1,7,19105.685996441418,19166.5801315322,-9541.842998220709,6.786111116409302,True,
exog,1,1,3,2,1,2,7,19057.332989047594,19123.743728962883,-9516.666494523797,7.250204801559448,True,
exog,1,1,4,0,1,0,7,20254.91732484923,20304.787696945456,-10118.458662424615,2.387758731842041,True,
exog,1,1,4,0,1,1,7,19106.894716295323,19162.269016661186,-9543.447358147661,3.5850989818573,True,
exog,1,1,4,0,1,2,7,19043.18858527327,19104.059216081605,-9510.594292636635,7.354936838150024,True,
exog,1,1,4,1,1,0,7,19727.652144539323,19783.047732832332,-9853.826072269661,2.6349611282348633,True,
exog,1,1,4,1,1,1,7,19108.077439664885,19168.989170067336,-9543.038719832442,3.7228541374206543,True,
exog,1,1,4,1,1,2,7,19040.933875939114,19107.338200457296,-9508.466937969557,8.34126591682434,True,
exog,1,1,4,2,1,0,7,19444.695545440296,19505.589680531077,-9711.347772720148,5.956910848617554,True,
exog,1,1,4,2,1,1,7,19081.165606094553,19147.595571648133,-9528.582803047277,7.100186109542847,True,
exog,1,1,4,2,1,2,7,19047.60901545934,19119.547033687373,-9510.80450772967,9.123861074447632,True,
exog,2,1,0,0,1,0,7,20749.01853919075,20782.275000462963,-10368.509269595375,0.4239790439605713,True,
exog,2,1,0,0,1,1,7,19532.582316780277,19571.359228585385,-9759.291158390139,1.0728368759155273,True,
exog,2,1,0,0,1,2,7,19464.007992879277,19508.294636581664,-9724.003996439638,3.454866886138916,True,
exog,2,1,0,1,1,0,7,20178.71710744477,20217.490296835538,-10082.358553722384,0.9938251972198486,True,
exog,2,1,0,1,1,1,7,19522.660258898744,19566.972475345337,-9753.330129449372,1.7817437648773193,True,
exog,2,1,0,1,1,2,7,19465.813765492596,19515.636239657782,-9723.906882746298,4.628779888153076,True,
exog,2,1,0,2,1,0,7,19892.678965865394,19936.961339484948,-9938.339482932697,1.5227720737457275,True,
exog,2,1,0,2,1,1,7,19455.754498454495,19505.572168776493,-9718.877249227247,2.863844871520996,True,
exog,2,1,0,2,1,2,7,19456.752468140214,19512.105435164656,-9718.376234070107,4.59838604927063,True,
exog,2,1,1,0,1,0,7,20284.569580047668,20323.368784865248,-10135.284790023834,1.3560919761657715,True,
exog,2,1,1,0,1,1,7,19137.595852796316,19181.90806924291,-9560.797926398158,1.8473761081695557,True,
exog,2,1,1,0,1,2,7,19071.791792315522,19121.60946263752,-9526.895896157761,3.3764491081237793,True,
exog,2,1,1,1,1,0,7,19715.32563132667,19759.63784777326,-9849.662815663334,2.61755108833313,True,
exog,2,1,1,1,1,1,7,19138.309287034725,19188.16053053714,-9560.154643517362,2.9529519081115723,True,
exog,2,1,1,1,1,2,7,19072.623483956442,19127.976450980885,-9526.311741978221,4.513625144958496,True,
exog,2,1,1,2,1,0,7,19446.943793325314,19496.76146364731,-9714.471896662657,4.645043849945068,True,
exog,2,1,1,2,1,1,7,19073.498738041104,19128.851705065546,-9526.749369020552,4.5183939933776855,True,
exog,2,1,1,2,1,2,7,19074.38972729611,19135.277991022995,-9526.194863648056,4.707982063293457,True,
exog,2,1,2,0,1,0,7,20244.963723292403,20289.30143099795,-10114.481861646202,1.5363547801971436,True,
exog,2,1,2,0,1,1,7,19450.965791096343,19500.812246091064,-9716.482895548172,4.5862908363342285,True,
exog,2,1,2,0,1,2,7,19374.644527392233,19429.99215396261,-9677.322263696116,9.088677167892456,True,
exog,2,1,2,1,1,0,7,19814.06338306224,19863.914626564656,-9898.03169153112,3.875981092453003,True,
exog,2,1,2,1,1,1,7,19150.56232699265,19205.947276986786,-9565.281163496325,3.8552160263061523,True,
exog,2,1,2,1,1,2,7,19395.617141818628,19456.49953104604,-9686.808570909314,9.153160095214844,True,
exog,2,1,2,2,1,0,7,19608.87213999486,19664.2251070193,-9794.43606999743,5.746308088302612,True,
exog,2,1,2,2,1,1,7,19380.82703720453,19441.715300931413,-9679.413518602265,6.587701797485352,True,
exog,2,1,2,2,1,2,7,19252.862026043786,19319.279177928234,-9614.431013021893,12.984674215316772,True,
exog,2,1,3,0,1,0,7,20074.65950861859,20124.53465651753,-10028.329754309296,2.4642040729522705,True,
exog,2,1,3,0,1,1,7,19123.208593799394,19178.588220397076,-9551.604296899697,4.78551983833313,True,
exog,2,1,3,0,1,2,7,19059.97354906328,19120.850060652298,-9518.98677453164,8.17903470993042,True,
exog,2,1,3,1,1,0,7,19721.081726889857,19776.471997448098,-9850.540863444929,4.381278991699219,True,
exog,2,1,3,1,1,1,7,19125.347977070007,19186.265566327456,-9551.673988535003,5.600573778152466,True,
exog,2,1,3,1,1,2,7,19058.973018549877,19125.383758465166,-9517.486509274939,8.886940002441406,True,
exog,2,1,3,2,1,0,7,19451.745267641745,19512.63353136863,-9714.872633820873,6.991335868835449,True,
exog,2,1,3,2,1,1,7,19080.36981601745,19146.793376446778,-9528.184908008725,6.9521400928497314,True,
exog,2,1,3,2,1,2,7,19061.338551497385,19133.283519738947,-9517.669275748693,10.451088190078735,True,
exog,2,1,4,0,1,0,7,20086.708302067404,20142.119826618768,-10033.354151033702,2.9106252193450928,True,
exog,2,1,4,0,1,1,7,19093.795403617103,19154.707134019554,-9535.897701808552,4.273380279541016,True,
exog,2,1,4,0,1,2,7,19041.266563910995,19107.670888429177,-9508.633281955497,8.375341892242432,True,
exog,2,1,4,1,1,0,7,19722.608202176125,19783.53749979019,-9850.304101088062,4.777437210083008,True,
exog,2,1,4,1,1,1,7,19112.037537037628,19178.486697476666,-9544.018768518814,4.524224042892456,True,
exog,2,1,4,1,1,2,7,19029.63733470354,19101.575352931573,-9501.81866735177,9.44659972190857,True,
exog,2,1,4,2,1,0,7,19452.80920820033,19519.23276862966,-9714.404604100166,6.393388986587524,True,
exog,2,1,4,2,1,1,7,19078.034502349306,19149.99335948108,-9526.017251174653,7.838647127151489,True,
exog,2,1,4,2,1,2,7,19043.912261519607,19121.383973457487,-9507.956130759803,9.479743003845215,True,
exog,3,1,0,0,1,0,7,20648.08561778424,20686.881112026593,-10317.04280889212,0.6066980361938477,True,
exog,3,1,0,0,1,1,7,19392.79045510837,19437.106925742777,-9688.395227554185,1.3733320236206055,True,
exog,3,1,0,0,1,2,7,19326.50991361824,19376.332387783426,-9654.25495680912,4.0155110359191895,True,
exog,3,1,0,1,1,0,7,20042.89841344302,20087.20637343833,-10013.44920672151,1.1802752017974854,True,
exog,3,1,0,1,1,1,7,19375.070391818976,19424.916846813696,-9678.535195909488,2.1884751319885254,True,
exog,3,1,0,1,1,2,7,19327.86597747165,19383.224282099633,-9653.932988735825,4.941328763961792,True,
exog,3,1,0,2,1,0,7,19732.14830590904,19781.961169822378,-9857.07415295452,2.4630558490753174,True,
exog,3,1,0,2,1,1,7,19308.975623036094,19364.32324960647,-9644.487811518047,6.071871995925903,True,
exog,3,1,0,2,1,2,7,19310.12354062955,19371.00592985696,-9644.061770314775,6.450627088546753,True,
exog,3,1,1,0,1,0,7,20272.876057482175,20317.213765187724,-10128.438028741088,1.7800672054290771,True,
exog,3,1,1,0,1,1,7,19135.69433365919,19185.545577161607,-9558.847166829595,2.6121578216552734,True,
exog,3,1,1,0,1,2,7,19069.01650231081,19124.36946933525,-9524.508251155405,4.560804843902588,True,
exog,3,1,1,1,1,0,7,19703.11122842579,19752.95768342051,-9842.555614212895,3.3906288146972656,True,
exog,3,1,1,1,1,1,7,19127.058487638107,19182.443437632242,-9553.529243819054,3.4178359508514404,True,
exog,3,1,1,1,1,2,7,19070.141265780396,19131.02952950728,-9524.070632890198,5.308621883392334,True,
exog,3,1,1,2,1,0,7,19431.77220980878,19487.119836379155,-9705.88610490439,6.750540018081665,True,
exog,3,1,1,2,1,1,7,19061.57803314969,19122.460422377102,-9519.789016574845,6.738220930099487,True,
exog,3,1,1,2,1,2,7,19062.3876218674,19128.80477375185,-9519.1938109337,7.454432010650635,True,
exog,3,1,2,0,1,0,7,20232.55186038804,20282.43178155678,-10107.27593019402,2.395609140396118,True,
exog,3,1,2,0,1,1,7,19352.761313479095,19408.14626347323,-9666.380656739548,6.007683753967285,True,
exog,3,1,2,0,1,2,7,19384.424653476835,19445.307042704248,-9681.212326738418,9.043024778366089,True,
exog,3,1,2,1,1,0,7,19708.43585260021,19763.820802594346,-9844.217926300105,4.935057878494263,True,
exog,3,1,2,1,1,1,7,19175.35784138086,19236.281286374408,-9576.67892069043,5.0037171840667725,True,
exog,3,1,2,1,1,2,7,19305.917642676002,19372.33479456045,-9640.958821338001,9.786603927612305,True,
exog,3,1,2,2,1,0,7,19598.461795128067,19659.34418435548,-9788.230897564034,9.701879024505615,True,
exog,3,1,2,2,1,1,7,19266.350445918448,19332.767597802896,-9621.175222959224,9.153043746948242,True,
exog,3,1,2,2,1,2,7,19311.41955465493,19383.37146919642,-9642.709777327465,9.628220081329346,True,
exog,3,1,3,0,1,0,7,20276.66784431807,20332.08467531689,-10128.333922159036,2.942220687866211,True,
exog,3,1,3,0,1,1,7,19157.240282998428,19218.157872255877,-9567.620141499214,6.073128938674927,True,
exog,3,1,3,0,1,2,7,19104.37973920793,19170.790479123218,-9540.189869603964,10.650798082351685,True,
exog,3,1,3,1,1,0,7,19731.216090808215,19792.13953580176,-9854.608045404108,4.803287744522095,True,
exog,3,1,3,1,1,1,7,19147.0183988075,19213.473950724718,-9561.50919940375,5.554077863693237,True,
exog,3,1,3,1,1,2,7,19077.106804723735,19149.051772965297,-9525.553402361867,10.163636922836304,True,
exog,3,1,3,2,1,0,7,19505.47481458578,19571.89196647023,-9740.73740729289,9.377930879592896,True,
exog,3,1,3,2,1,1,7,19284.32336446584,19356.27527900733,-9629.16168223292,12.106549978256226,True,
exog,3,1,3,2,1,2,7,19080.74979210736,19158.228988675197,-9526.37489605368,10.031978130340576,True,
exog,3,1,4,0,1,0,7,20024.420055049246,20085.372732055745,-10001.210027524623,3.598151206970215,True,
exog,3,1,4,0,1,1,7,19092.05810524123,19158.50726568027,-9534.029052620615,5.202830076217651,True,
exog,3,1,4,0,1,2,7,19042.56012190882,19114.498140136853,-9508.28006095441,11.919816970825195,True,
exog,3,1,4,1,1,0,7,19730.203195319744,19796.665135312705,-9853.101597659872,5.058311939239502,True,
exog,3,1,4,1,1,1,7,19170.763742732055,19242.75033320768,-9572.381871366028,6.165887832641602,True,
exog,3,1,4,1,1,2,7,19058.367345488838,19135.839057426718,-9515.183672744419,12.867512941360474,True,
exog,3,1,4,2,1,0,7,19434.707784251543,19506.65969879303,-9704.353892125771,8.506857872009277,True,
exog,3,1,4,2,1,1,7,19065.934330189157,19143.421007387682,-9518.967165094578,10.706342935562134,True,
exog,3,1,4,2,1,2,7,19041.48827896981,19124.49368461754,-9505.744139484905,12.944880723953247,True,
exog,4,1,0,0,1,0,7,20562.657924531995,20606.99138933105,-10273.328962265998,0.8570380210876465,True,
exog,4,1,0,0,1,1,7,19341.666801273717,19391.522830737427,-9661.833400636859,1.2266170978546143,True,
exog,4,1,0,0,1,2,7,19275.071631466442,19330.429936094428,-9627.535815733221,5.060900926589966,True,
exog,4,1,0,1,1,0,7,19963.80881761381,20013.650481551726,-9972.904408806906,1.5794622898101807,True,
exog,4,1,0,1,1,1,7,19314.223667600825,19369.603294198507,-9647.111833800413,2.463369846343994,True,
exog,4,1,0,1,1,2,7,19276.65941839158,19337.55355348236,-9627.32970919579,5.423167943954468,True,
exog,4,1,0,2,1,0,7,19661.105121765722,19716.447405028463,-9820.552560882861,5.950956106185913,True,
exog,4,1,0,2,1,1,7,19248.09134965767,19308.967861246685,-9613.045674828834,7.3053061962127686,True,
exog,4,1,0,2,1,2,7,19249.53956882046,19315.950308735748,-9612.76978441023,6.990422010421753,True,
exog,4,1,1,0,1,0,7,20264.389249618675,20314.264397517614,-10123.194624809337,1.7976229190826416,True,
exog,4,1,1,0,1,1,7,19133.45015962085,19188.84043017909,-9556.725079810425,2.8982961177825928,True,
exog,4,1,1,0,1,2,7,19066.477708953265,19127.36597268015,-9522.238854476633,4.585943222045898,True,
exog,4,1,1,1,1,0,7,19692.149786484813,19747.529413082495,-9836.074893242407,4.503459930419922,True,
exog,4,1,1,1,1,1,7,19115.046480833433,19175.964070090882,-9546.523240416716,3.1143600940704346,True,
exog,4,1,1,1,1,2,7,19067.802451222833,19134.22601165216,-9521.901225611417,6.256442070007324,True,
exog,4,1,1,2,1,0,7,19413.15856587254,19474.035077461558,-9695.57928293627,8.91024112701416,True,
exog,4,1,1,2,1,1,7,19049.73835766937,19116.149097584657,-9512.869178834684,8.63300085067749,True,
exog,4,1,1,2,1,2,7,19050.49107613349,19122.436044375052,-9512.245538066745,7.524232864379883,True,
exog,4,1,2,0,1,0,7,20234.28800763374,20289.70483863256,-10107.14400381687,1.8505537509918213,True,
exog,4,1,2,0,1,1,7,19378.135199129105,19439.05864412265,-9678.067599564552,5.905773162841797,True,
exog,4,1,2,0,1,2,7,19336.73746540694,19403.154617291388,-9656.36873270347,10.845690250396729,True,
exog,4,1,2,1,1,0,7,19783.947841419475,19844.865430676924,-9880.973920709737,3.8357629776000977,True,
exog,4,1,2,1,1,1,7,19425.3725567507,19491.828108667916,-9700.68627837535,5.366932153701782,True,
exog,4,1,2,1,1,2,7,19335.55416669762,19407.50608123911,-9654.77708334881,10.954856157302856,True,
exog,4,1,2,2,1,0,7,19664.882059129464,19731.292799044753,-9820.441029564732,6.815960884094238,True,
exog,4,1,2,2,1,1,7,19630.19204378209,19702.137012023653,-9802.096021891046,10.321539163589478,True,
exog,4,1,2,2,1,2,7,19351.973172975893,19429.45236954373,-9661.986586487947,12.176798105239868,True,
exog,4,1,3,0,1,0,7,20069.663294417842,20130.621808516546,-10023.831647208921,3.219383955001831,True,
exog,4,1,3,0,1,1,7,19395.032618505964,19461.48817042318,-9685.516309252982,4.895432949066162,True,
exog,4,1,3,0,1,2,7,19296.80693731116,19368.751905552723,-9635.40346865558,11.150453805923462,True,
exog,4,1,3,1,1,0,7,19793.04860411467,19859.504156031886,-9884.524302057334,5.148451089859009,True,
exog,4,1,3,1,1,1,7,19341.55380211689,19413.547316693875,-9657.776901058445,5.6814188957214355,True,
exog,4,1,3,1,1,2,7,19376.627962001563,19454.1071585694,-9674.313981000781,9.65356993675232,True,
exog,4,1,3,2,1,0,7,19569.679694466675,19641.624662708236,-9771.839847233337,9.85912799835205,True,
exog,4,1,3,2,1,1,7,19346.183547319073,19423.66274388691,-9659.091773659537,8.632488012313843,True,
exog,4,1,3,2,1,2,7,19373.58680886862,19456.60023376273,-9671.79340443431,10.456494808197021,True,
exog,4,1,4,0,1,0,7,20070.102849324234,20136.59667878587,-10023.051424662117,3.495185136795044,True,
exog,4,1,4,0,1,1,7,19115.675109084452,19187.661699560078,-9544.837554542226,6.000786066055298,True,
exog,4,1,4,0,1,2,7,19119.375227677585,19196.846939615465,-9545.687613838792,14.097520112991333,True,
exog,4,1,4,1,1,0,7,19707.09843971542,19779.091954292406,-9840.54921985771,6.00898003578186,True,
exog,4,1,4,1,1,1,7,19132.04080736464,19209.56482787685,-9552.02040368232,7.440861940383911,True,
exog,4,1,4,1,1,2,7,19145.04730987784,19228.05271552557,-9557.52365493892,13.284533977508545,True,
exog,4,1,4,2,1,0,7,19332.022014930793,19409.50121149863,-9652.011007465397,11.922428131103516,True,
exog,4,1,4,2,1,1,7,19166.407443029006,19249.420867923116,-9568.203721514503,11.904467105865479,True,
exog,4,1,4,2,1,2,7,19101.68253531333,19190.22163467091,-9534.841267656666,16.28721809387207,True,
